from_file,line,link_snippet,resolved_target
/home/uday/Downloads/pragati_ros2/docs/CLEANUP_PHASE2_SUMMARY.md,276,[docs/archive/2025-10/moves_2025-10-phase2.csv](archive/2025-10/moves_2025-10-phase2.csv),/home/uday/Downloads/pragati_ros2/docs/archive/2025-10/moves_2025-10-phase2.csv
/home/uday/Downloads/pragati_ros2/docs/DOCUMENTATION_ORGANIZATION.md,116,[README.md](../README.md),/home/uday/Downloads/pragati_ros2/README.md
/home/uday/Downloads/pragati_ros2/docs/DOCUMENTATION_ORGANIZATION.md,161,[../README.md](../README.md),/home/uday/Downloads/pragati_ros2/README.md
/home/uday/Downloads/pragati_ros2/docs/DOCUMENTATION_ORGANIZATION.md,164,[scripts/test_integration.sh](scripts/test_integration.sh),/home/uday/Downloads/pragati_ros2/docs/archive/2025-10-21/scripts/test_integration.sh
/home/uday/Downloads/pragati_ros2/docs/DOCUMENTATION_ORGANIZATION.md,165,[guides/](guides/),/home/uday/Downloads/pragati_ros2/docs/guides
/home/uday/Downloads/pragati_ros2/docs/DOCUMENTATION_ORGANIZATION.md,166,[archive/](archive/),/home/uday/Downloads/pragati_ros2/docs/archive
/home/uday/Downloads/pragati_ros2/docs/INDEX.md,18,[`../README.md`](../README.md),/home/uday/Downloads/pragati_ros2/README.md
/home/uday/Downloads/pragati_ros2/docs/INDEX.md,42,[`guides/RESTORATION_NEXT_STEPS.md`](guides/RESTORATION_NEXT_STEPS.md),/home/uday/Downloads/pragati_ros2/docs/guides/RESTORATION_NEXT_STEPS.md
/home/uday/Downloads/pragati_ros2/docs/INDEX.md,43,[`guides/CLEANUP_AND_MAINTENANCE_PLAN.md`](guides/CLEANUP_AND_MAINTENANCE_PLAN.md),/home/uday/Downloads/pragati_ros2/docs/guides/CLEANUP_AND_MAINTENANCE_PLAN.md
/home/uday/Downloads/pragati_ros2/docs/INDEX.md,52,[`validation/HARDWARE_TEST_RESULTS.md`](validation/HARDWARE_TEST_RESULTS.md),/home/uday/Downloads/pragati_ros2/docs/validation/HARDWARE_TEST_RESULTS.md
/home/uday/Downloads/pragati_ros2/docs/INDEX.md,67,[`archive/2025-10/consolidation-meta/`](archive/2025-10/consolidation-meta/),/home/uday/Downloads/pragati_ros2/docs/archive/2025-10/consolidation-meta
/home/uday/Downloads/pragati_ros2/docs/INDEX.md,68,[`archive/2025-10/completion-reports/`](archive/2025-10/completion-reports/),/home/uday/Downloads/pragati_ros2/docs/archive/2025-10/completion-reports
/home/uday/Downloads/pragati_ros2/docs/INDEX.md,69,[`archive/2025-10/session-summaries/`](archive/2025-10/session-summaries/),/home/uday/Downloads/pragati_ros2/docs/archive/2025-10/session-summaries
/home/uday/Downloads/pragati_ros2/docs/INDEX.md,70,[`archive/2025-10/execution-plans/`](archive/2025-10/execution-plans/),/home/uday/Downloads/pragati_ros2/docs/archive/2025-10/execution-plans
/home/uday/Downloads/pragati_ros2/docs/INDEX.md,71,[`archive/2025-10/stakeholder-docs/`](archive/2025-10/stakeholder-docs/),/home/uday/Downloads/pragati_ros2/docs/archive/2025-10/stakeholder-docs
/home/uday/Downloads/pragati_ros2/docs/INDEX.md,72,[`archive/2025-10/superseded/`](archive/2025-10/superseded/),/home/uday/Downloads/pragati_ros2/docs/archive/2025-10/superseded
/home/uday/Downloads/pragati_ros2/docs/INDEX.md,73,[`archive/2025-10/generated-reports/`](archive/2025-10/generated-reports/),/home/uday/Downloads/pragati_ros2/docs/archive/2025-10/generated-reports
/home/uday/Downloads/pragati_ros2/docs/INDEX.md,76,[`archive/2025-10/motor_control/`](archive/2025-10/motor_control/),/home/uday/Downloads/pragati_ros2/docs/archive/2025-10/motor_control
/home/uday/Downloads/pragati_ros2/docs/INDEX.md,77,[`archive/2025-10/cotton_detection/`](archive/2025-10/cotton_detection/),/home/uday/Downloads/pragati_ros2/docs/archive/2025-10/cotton_detection
/home/uday/Downloads/pragati_ros2/docs/INDEX.md,78,[`archive/2025-10/yanthra_move/`](archive/2025-10/yanthra_move/),/home/uday/Downloads/pragati_ros2/docs/archive/2025-10/yanthra_move
/home/uday/Downloads/pragati_ros2/docs/INDEX.md,79,[`archive/2025-10/phase-completion/`](archive/2025-10/phase-completion/),/home/uday/Downloads/pragati_ros2/docs/archive/2025-10/phase-completion
/home/uday/Downloads/pragati_ros2/docs/INDEX.md,80,[`archive/2025-10/tier-completion/`](archive/2025-10/tier-completion/),/home/uday/Downloads/pragati_ros2/docs/archive/2025-10/tier-completion
/home/uday/Downloads/pragati_ros2/docs/CONSOLIDATION_LOG.md,227,[archive/2025-10/moves_2025-10-phase2.csv](archive/2025-10/moves_2025-10-phase2.csv),/home/uday/Downloads/pragati_ros2/docs/archive/2025-10/moves_2025-10-phase2.csv
/home/uday/Downloads/pragati_ros2/docs/CLEANUP_ROUND3_SUMMARY_2025-10-16.md,233,[docs/archive/2025-10/consolidation-meta/CONTENT_INDEX_2025-10-16.tsv](archive/2025-10/consolidation-meta/CONTENT_INDEX_2025-10-16.tsv),/home/uday/Downloads/pragati_ros2/docs/archive/2025-10/consolidation-meta/CONTENT_INDEX_2025-10-16.tsv
/home/uday/Downloads/pragati_ros2/docs/CLEANUP_ROUND3_SUMMARY_2025-10-16.md,234,[docs/archive/2025-10/consolidation-meta/PRESERVATION_MAP_UNDERSCORE_2025-10-16.tsv](archive/2025-10/consolidation-meta/PRESERVATION_MAP_UNDERSCORE_2025-10-16.tsv),/home/uday/Downloads/pragati_ros2/docs/archive/2025-10/consolidation-meta/PRESERVATION_MAP_UNDERSCORE_2025-10-16.tsv
/home/uday/Downloads/pragati_ros2/docs/status/STATUS_TRACKER.md,65,[src/motor_control_ros2/README.md](../../src/motor_control_ros2/README.md),/home/uday/Downloads/pragati_ros2/src/motor_control_ros2/README.md
/home/uday/Downloads/pragati_ros2/docs/status/STATUS_TRACKER.md,90,[src/cotton_detection_ros2/README.md](../../src/cotton_detection_ros2/README.md),/home/uday/Downloads/pragati_ros2/src/cotton_detection_ros2/README.md
/home/uday/Downloads/pragati_ros2/docs/status/STATUS_TRACKER.md,113,[src/yanthra_move/README.md](../../src/yanthra_move/README.md),/home/uday/Downloads/pragati_ros2/src/yanthra_move/README.md
/home/uday/Downloads/pragati_ros2/docs/status/STATUS_TRACKER.md,135,[src/vehicle_control/README.md](../../src/vehicle_control/README.md),/home/uday/Downloads/pragati_ros2/src/vehicle_control/README.md
/home/uday/Downloads/pragati_ros2/docs/status/STATUS_TRACKER.md,151,[src/robot_description/README.md](../../src/robot_description/README.md),/home/uday/Downloads/pragati_ros2/src/robot_description/README.md
/home/uday/Downloads/pragati_ros2/docs/status/STATUS_TRACKER.md,316,[docs/archive/2025-10/motor_control/](../archive/2025-10/motor_control/),/home/uday/Downloads/pragati_ros2/docs/archive/2025-10/motor_control
/home/uday/Downloads/pragati_ros2/docs/status/STATUS_TRACKER.md,317,[docs/archive/2025-10/cotton_detection/](../archive/2025-10/cotton_detection/),/home/uday/Downloads/pragati_ros2/docs/archive/2025-10/cotton_detection
/home/uday/Downloads/pragati_ros2/docs/status/STATUS_TRACKER.md,318,[docs/archive/2025-10/yanthra_move/](../archive/2025-10/yanthra_move/),/home/uday/Downloads/pragati_ros2/docs/archive/2025-10/yanthra_move
/home/uday/Downloads/pragati_ros2/docs/status/STATUS_TRACKER.md,321,[docs/evidence/2025-10-15/](../evidence/2025-10-15/),/home/uday/Downloads/pragati_ros2/docs/evidence/2025-10-15
/home/uday/Downloads/pragati_ros2/docs/status/STATUS_TRACKER.md,404,[DOCUMENTATION_CONSOLIDATION_PLAN_2025-10-15.md](../DOCUMENTATION_CONSOLIDATION_PLAN_2025-10-15.md),/home/uday/Downloads/pragati_ros2/docs/DOCUMENTATION_CONSOLIDATION_PLAN_2025-10-15.md
/home/uday/Downloads/pragati_ros2/docs/archive/INDEX.md,15,[2025-10/](2025-10/),/home/uday/Downloads/pragati_ros2/docs/archive/2025-10
/home/uday/Downloads/pragati_ros2/docs/archive/INDEX.md,16,[2025-10/](2025-10/),/home/uday/Downloads/pragati_ros2/docs/archive/2025-10
/home/uday/Downloads/pragati_ros2/docs/archive/INDEX.md,17,[2025-10-audit/](2025-10-audit/),/home/uday/Downloads/pragati_ros2/docs/archive/2025-10-audit
/home/uday/Downloads/pragati_ros2/docs/archive/INDEX.md,18,[2025-10-analysis/](2025-10-analysis/),/home/uday/Downloads/pragati_ros2/docs/archive/2025-10-analysis
/home/uday/Downloads/pragati_ros2/docs/archive/INDEX.md,19,[2025-10-phases/](2025-10-phases/),/home/uday/Downloads/pragati_ros2/docs/archive/2025-10-phases
/home/uday/Downloads/pragati_ros2/docs/archive/INDEX.md,20,[2025-10-sessions/](2025-10-sessions/),/home/uday/Downloads/pragati_ros2/docs/archive/2025-10-sessions
/home/uday/Downloads/pragati_ros2/docs/archive/INDEX.md,21,[2025-10-test-results/](2025-10-test-results/),/home/uday/Downloads/pragati_ros2/docs/archive/2025-10-test-results
/home/uday/Downloads/pragati_ros2/docs/archive/INDEX.md,22,[2025-10-validation/](2025-10-validation/),/home/uday/Downloads/pragati_ros2/docs/archive/2025-10-validation
/home/uday/Downloads/pragati_ros2/docs/archive/INDEX.md,37,[2025-10/motor_control/](2025-10/motor_control/),/home/uday/Downloads/pragati_ros2/docs/archive/2025-10/motor_control
/home/uday/Downloads/pragati_ros2/docs/archive/INDEX.md,46,[src/motor_control_ros2/README.md](../../src/motor_control_ros2/README.md),/home/uday/Downloads/pragati_ros2/src/motor_control_ros2/README.md
/home/uday/Downloads/pragati_ros2/docs/archive/INDEX.md,51,[2025-10/cotton_detection/](2025-10/cotton_detection/),/home/uday/Downloads/pragati_ros2/docs/archive/2025-10/cotton_detection
/home/uday/Downloads/pragati_ros2/docs/archive/INDEX.md,56,[src/cotton_detection_ros2/README.md](../../src/cotton_detection_ros2/README.md),/home/uday/Downloads/pragati_ros2/src/cotton_detection_ros2/README.md
/home/uday/Downloads/pragati_ros2/docs/archive/INDEX.md,61,[2025-10/yanthra_move/](2025-10/yanthra_move/),/home/uday/Downloads/pragati_ros2/docs/archive/2025-10/yanthra_move
/home/uday/Downloads/pragati_ros2/docs/archive/INDEX.md,67,[src/yanthra_move/README.md](../../src/yanthra_move/README.md),/home/uday/Downloads/pragati_ros2/src/yanthra_move/README.md
/home/uday/Downloads/pragati_ros2/docs/archive/INDEX.md,74,[2025-10/phase-completion/](2025-10/phase-completion/),/home/uday/Downloads/pragati_ros2/docs/archive/2025-10/phase-completion
/home/uday/Downloads/pragati_ros2/docs/archive/INDEX.md,91,[2025-10/tier-completion/](2025-10/tier-completion/),/home/uday/Downloads/pragati_ros2/docs/archive/2025-10/tier-completion
/home/uday/Downloads/pragati_ros2/docs/archive/INDEX.md,108,[2025-10-audit/2025-10-07/](2025-10-audit/2025-10-07/),/home/uday/Downloads/pragati_ros2/docs/archive/2025-10-audit/2025-10-07
/home/uday/Downloads/pragati_ros2/docs/archive/INDEX.md,124,[2025-10-audit/2025-10-14/](2025-10-audit/2025-10-14/),/home/uday/Downloads/pragati_ros2/docs/archive/2025-10-audit/2025-10-14
/home/uday/Downloads/pragati_ros2/docs/archive/INDEX.md,140,[2025-10-analysis/](2025-10-analysis/),/home/uday/Downloads/pragati_ros2/docs/archive/2025-10-analysis
/home/uday/Downloads/pragati_ros2/docs/archive/INDEX.md,156,[ros1_vs_ros2_comparison/](2025-10-analysis/ros1_vs_ros2_comparison/),/home/uday/Downloads/pragati_ros2/docs/archive/2025-10-analysis/ros1_vs_ros2_comparison
/home/uday/Downloads/pragati_ros2/docs/archive/INDEX.md,162,[2025-10-test-results/](2025-10-test-results/),/home/uday/Downloads/pragati_ros2/docs/archive/2025-10-test-results
/home/uday/Downloads/pragati_ros2/docs/archive/INDEX.md,178,[2025-10-validation/](2025-10-validation/),/home/uday/Downloads/pragati_ros2/docs/archive/2025-10-validation
/home/uday/Downloads/pragati_ros2/docs/archive/INDEX.md,193,[Root archive/](.),/home/uday/Downloads/pragati_ros2/docs/archive
/home/uday/Downloads/pragati_ros2/docs/archive/INDEX.md,208,[2025-10/motor_control/](2025-10/motor_control/),/home/uday/Downloads/pragati_ros2/docs/archive/2025-10/motor_control
/home/uday/Downloads/pragati_ros2/docs/archive/INDEX.md,210,[2025-10-test-results/](2025-10-test-results/),/home/uday/Downloads/pragati_ros2/docs/archive/2025-10-test-results
/home/uday/Downloads/pragati_ros2/docs/archive/INDEX.md,213,[2025-10/cotton_detection/](2025-10/cotton_detection/),/home/uday/Downloads/pragati_ros2/docs/archive/2025-10/cotton_detection
/home/uday/Downloads/pragati_ros2/docs/archive/INDEX.md,218,[2025-10/phase-completion/](2025-10/phase-completion/),/home/uday/Downloads/pragati_ros2/docs/archive/2025-10/phase-completion
/home/uday/Downloads/pragati_ros2/docs/archive/INDEX.md,219,[2025-10/tier-completion/](2025-10/tier-completion/),/home/uday/Downloads/pragati_ros2/docs/archive/2025-10/tier-completion
/home/uday/Downloads/pragati_ros2/docs/archive/INDEX.md,224,[2025-10-audit/](2025-10-audit/),/home/uday/Downloads/pragati_ros2/docs/archive/2025-10-audit
/home/uday/Downloads/pragati_ros2/docs/archive/INDEX.md,225,[2025-10-validation/](2025-10-validation/),/home/uday/Downloads/pragati_ros2/docs/archive/2025-10-validation
/home/uday/Downloads/pragati_ros2/docs/archive/INDEX.md,301,[../DOCUMENTATION_CONSOLIDATION_PLAN_2025-10-15.md](../DOCUMENTATION_CONSOLIDATION_PLAN_2025-10-15.md),/home/uday/Downloads/pragati_ros2/docs/DOCUMENTATION_CONSOLIDATION_PLAN_2025-10-15.md
/home/uday/Downloads/pragati_ros2/docs/archive/INDEX.md,303,[../CONSOLIDATION_MAP.md](../CONSOLIDATION_MAP.md),/home/uday/Downloads/pragati_ros2/docs/CONSOLIDATION_MAP.md
/home/uday/Downloads/pragati_ros2/docs/project-management/DOCUMENTATION_REORGANIZATION_PLAN.md,435,[.*\](.*.md),/home/uday/Downloads/pragati_ros2/docs/project-management/.*.md
/home/uday/Downloads/pragati_ros2/docs/enhancements/PHASE_2_ROADMAP.md,192,[Multi-Cotton Detection](MULTI_COTTON_DETECTION.md),/home/uday/Downloads/pragati_ros2/docs/enhancements/MULTI_COTTON_DETECTION.md
/home/uday/Downloads/pragati_ros2/docs/enhancements/PHASE_2_ROADMAP.md,193,[Continuous Operation](CONTINUOUS_OPERATION.md),/home/uday/Downloads/pragati_ros2/docs/enhancements/CONTINUOUS_OPERATION.md
/home/uday/Downloads/pragati_ros2/docs/enhancements/PHASE_2_ROADMAP.md,194,[Autonomous Navigation](AUTONOMOUS_NAVIGATION.md),/home/uday/Downloads/pragati_ros2/docs/enhancements/AUTONOMOUS_NAVIGATION.md
/home/uday/Downloads/pragati_ros2/docs/guides/UNIT_TEST_GUIDE.md,465,[&](const auto& msg),/home/uday/Downloads/pragati_ros2/docs/guides/const auto& msg
/home/uday/Downloads/pragati_ros2/docs/guides/UNIT_TEST_GUIDE.md,545,[src/motor_control_ros2/README.md](../../src/motor_control_ros2/README.md),/home/uday/Downloads/pragati_ros2/src/motor_control_ros2/README.md
/home/uday/Downloads/pragati_ros2/docs/guides/UNIT_TEST_GUIDE.md,546,[src/cotton_detection_ros2/README.md](../../src/cotton_detection_ros2/README.md),/home/uday/Downloads/pragati_ros2/src/cotton_detection_ros2/README.md
/home/uday/Downloads/pragati_ros2/docs/guides/TROUBLESHOOTING.md,600,[src/motor_control_ros2/README.md](../../src/motor_control_ros2/README.md),/home/uday/Downloads/pragati_ros2/src/motor_control_ros2/README.md
/home/uday/Downloads/pragati_ros2/docs/guides/TROUBLESHOOTING.md,601,[src/cotton_detection_ros2/README.md](../../src/cotton_detection_ros2/README.md),/home/uday/Downloads/pragati_ros2/src/cotton_detection_ros2/README.md
/home/uday/Downloads/pragati_ros2/docs/guides/TROUBLESHOOTING.md,602,[src/yanthra_move/README.md](../../src/yanthra_move/README.md),/home/uday/Downloads/pragati_ros2/src/yanthra_move/README.md
/home/uday/Downloads/pragati_ros2/docs/guides/PERFORMANCE_OPTIMIZATION_IMPLEMENTATION.md,156,[this](std::vector<YOLODetector::DetectedCotton> detections),/home/uday/Downloads/pragati_ros2/docs/guides/std::vector<YOLODetector::DetectedCotton> detections
/home/uday/Downloads/pragati_ros2/docs/architecture/SYSTEM_ARCHITECTURE.md,426,[motor_control_ros2](../../src/motor_control_ros2/README.md),/home/uday/Downloads/pragati_ros2/src/motor_control_ros2/README.md
/home/uday/Downloads/pragati_ros2/docs/architecture/SYSTEM_ARCHITECTURE.md,427,[cotton_detection_ros2](../../src/cotton_detection_ros2/README.md),/home/uday/Downloads/pragati_ros2/src/cotton_detection_ros2/README.md
/home/uday/Downloads/pragati_ros2/docs/architecture/SYSTEM_ARCHITECTURE.md,428,[yanthra_move](../../src/yanthra_move/README.md),/home/uday/Downloads/pragati_ros2/src/yanthra_move/README.md
/home/uday/Downloads/pragati_ros2/docs/archive/2025-10/todos_obsolete.md,224,[docs/archive/2025-10-audit/2025-10-14/todo_inventory.csv](../2025-10-audit/2025-10-14/todo_inventory.csv),/home/uday/Downloads/pragati_ros2/docs/archive/2025-10-audit/2025-10-14/todo_inventory.csv
/home/uday/Downloads/pragati_ros2/docs/archive/2025-10/todos_obsolete.md,225,[docs/archive/2025-10-audit/2025-10-14/todo_full_raw.txt](../2025-10-audit/2025-10-14/todo_full_raw.txt),/home/uday/Downloads/pragati_ros2/docs/archive/2025-10-audit/2025-10-14/todo_full_raw.txt
/home/uday/Downloads/pragati_ros2/docs/archive/2025-10/todos_obsolete.md,226,[docs/TODO_CONSOLIDATED.md](../../TODO_CONSOLIDATED.md),/home/uday/Downloads/pragati_ros2/docs/TODO_CONSOLIDATED.md
/home/uday/Downloads/pragati_ros2/docs/archive/2025-10/todos_completed.md,43,[docs/evidence/2025-10-15/SAFETY_MONITOR_IMPLEMENTATION_COMPLETE.md](../evidence/2025-10-15/SAFETY_MONITOR_IMPLEMENTATION_COMPLETE.md),/home/uday/Downloads/pragati_ros2/docs/archive/evidence/2025-10-15/SAFETY_MONITOR_IMPLEMENTATION_COMPLETE.md
/home/uday/Downloads/pragati_ros2/docs/archive/2025-10/todos_completed.md,74,[src/cotton_detection_ros2/README.md](../../src/cotton_detection_ros2/README.md),/home/uday/Downloads/pragati_ros2/docs/src/cotton_detection_ros2/README.md
/home/uday/Downloads/pragati_ros2/docs/archive/2025-10/todos_completed.md,156,[docs/CONSOLIDATION_COMPLETE.md](../CONSOLIDATION_COMPLETE.md),/home/uday/Downloads/pragati_ros2/docs/archive/CONSOLIDATION_COMPLETE.md
/home/uday/Downloads/pragati_ros2/docs/archive/2025-10/todos_completed.md,157,[docs/CONSOLIDATION_LOG.md](../CONSOLIDATION_LOG.md),/home/uday/Downloads/pragati_ros2/docs/archive/CONSOLIDATION_LOG.md
/home/uday/Downloads/pragati_ros2/docs/archive/2025-10/todos_completed.md,158,[docs/archive/INDEX.md](INDEX.md),/home/uday/Downloads/pragati_ros2/docs/archive/2025-10/INDEX.md
/home/uday/Downloads/pragati_ros2/docs/archive/2025-10/todos_completed.md,271,[docs/archive/2025-10-audit/2025-10-14/todo_inventory.csv](../2025-10-audit/2025-10-14/todo_inventory.csv),/home/uday/Downloads/pragati_ros2/docs/archive/2025-10-audit/2025-10-14/todo_inventory.csv
/home/uday/Downloads/pragati_ros2/docs/archive/2025-10/todos_completed.md,272,[docs/archive/2025-10-audit/2025-10-14/todo_full_raw.txt](../2025-10-audit/2025-10-14/todo_full_raw.txt),/home/uday/Downloads/pragati_ros2/docs/archive/2025-10-audit/2025-10-14/todo_full_raw.txt
/home/uday/Downloads/pragati_ros2/docs/archive/2025-10/todos_completed.md,273,[docs/TODO_CONSOLIDATED.md](../../TODO_CONSOLIDATED.md),/home/uday/Downloads/pragati_ros2/docs/TODO_CONSOLIDATED.md
/home/uday/Downloads/pragati_ros2/docs/archive/2025-10-analysis/ros1_vs_ros2_comparison/FINAL_REPORT.md,62,[`safety_validation.md`](../safety_validation.md),/home/uday/Downloads/pragati_ros2/docs/archive/2025-10-analysis/safety_validation.md
/home/uday/Downloads/pragati_ros2/docs/archive/2025-10-analysis/ros1_vs_ros2_comparison/FINAL_REPORT.md,71,[`config_management_comparison.md`](../config_management_comparison.md),/home/uday/Downloads/pragati_ros2/docs/archive/2025-10-analysis/config_management_comparison.md
/home/uday/Downloads/pragati_ros2/docs/archive/2025-10-analysis/ros1_vs_ros2_comparison/FINAL_REPORT.md,80,[`threading_performance_assessment.md`](../threading_performance_assessment.md),/home/uday/Downloads/pragati_ros2/docs/archive/2025-10-analysis/threading_performance_assessment.md
/home/uday/Downloads/pragati_ros2/docs/archive/2025-10-analysis/ros1_vs_ros2_comparison/FINAL_REPORT.md,89,[`logging_monitoring_comparison.md`](../logging_monitoring_comparison.md),/home/uday/Downloads/pragati_ros2/docs/archive/2025-10-analysis/logging_monitoring_comparison.md
/home/uday/Downloads/pragati_ros2/docs/archive/2025-10-analysis/ros1_vs_ros2_comparison/FINAL_REPORT.md,100,[`ros2_improvements_validated.md`](../ros2_improvements_validated.md),/home/uday/Downloads/pragati_ros2/docs/archive/2025-10-analysis/ros2_improvements_validated.md
/home/uday/Downloads/pragati_ros2/docs/archive/2025-10-analysis/ros1_vs_ros2_comparison/FINAL_REPORT.md,110,[`production_readiness.md`](../production_readiness.md),/home/uday/Downloads/pragati_ros2/docs/archive/2025-10-analysis/production_readiness.md
/home/uday/Downloads/pragati_ros2/docs/archive/2025-10-analysis/ros1_vs_ros2_comparison/FINAL_REPORT.md,121,[`recommendations.md`](../recommendations.md),/home/uday/Downloads/pragati_ros2/docs/archive/2025-10-analysis/recommendations.md
/home/uday/Downloads/pragati_ros2/docs/archive/2025-10-analysis/ros1_vs_ros2_comparison/FINAL_REPORT.md,130,[`preflight_checklist.md`](../preflight_checklist.md),/home/uday/Downloads/pragati_ros2/docs/archive/2025-10-analysis/preflight_checklist.md
/home/uday/Downloads/pragati_ros2/docs/archive/2025-10-analysis/ros1_vs_ros2_comparison/FINAL_REPORT.md,141,[`safety_gap_matrix.csv`](../safety_gap_matrix.csv),/home/uday/Downloads/pragati_ros2/docs/archive/2025-10-analysis/safety_gap_matrix.csv
/home/uday/Downloads/pragati_ros2/docs/archive/2025-10-analysis/ros1_vs_ros2_comparison/FINAL_REPORT.md,146,[`ros2_parameters_recommended.yaml`](../ros2_parameters_recommended.yaml),/home/uday/Downloads/pragati_ros2/docs/archive/2025-10-analysis/ros2_parameters_recommended.yaml
/home/uday/Downloads/pragati_ros2/docs/archive/2025-10-analysis/ros1_vs_ros2_comparison/FINAL_REPORT.md,151,[`documentation_consolidation_report.md`](../documentation_consolidation_report.md),/home/uday/Downloads/pragati_ros2/docs/archive/2025-10-analysis/documentation_consolidation_report.md
/home/uday/Downloads/pragati_ros2/docs/archive/2025-10-analysis/ros1_vs_ros2_comparison/README.md,37,[config_alignment_table.csv](config_alignment_table.csv),/home/uday/Downloads/pragati_ros2/docs/archive/2025-10-analysis/ros1_vs_ros2_comparison/config_alignment_table.csv
/home/uday/Downloads/pragati_ros2/docs/archive/2025-10-analysis/ros1_vs_ros2_comparison/README.md,38,[ros1_vs_ros2_gap_matrix.csv](ros1_vs_ros2_gap_matrix.csv),/home/uday/Downloads/pragati_ros2/docs/archive/2025-10-analysis/ros1_vs_ros2_comparison/ros1_vs_ros2_gap_matrix.csv
/home/uday/Downloads/pragati_ros2/docs/archive/2025-10-analysis/ros1_vs_ros2_comparison/README.md,39,[ros1_vs_ros2_performance_data.csv](ros1_vs_ros2_performance_data.csv),/home/uday/Downloads/pragati_ros2/docs/archive/2025-10-analysis/ros1_vs_ros2_comparison/ros1_vs_ros2_performance_data.csv
/home/uday/Downloads/pragati_ros2/docs/archive/2025-10-analysis/ros1_vs_ros2_comparison/README.md,40,[safety_gap_matrix.csv](safety_gap_matrix.csv),/home/uday/Downloads/pragati_ros2/docs/archive/2025-10-analysis/ros1_vs_ros2_comparison/safety_gap_matrix.csv
/home/uday/Downloads/pragati_ros2/docs/archive/2025-10-analysis/ros1_vs_ros2_comparison/README.md,41,[ros2_parameters_recommended.yaml](ros2_parameters_recommended.yaml),/home/uday/Downloads/pragati_ros2/docs/archive/2025-10-analysis/ros1_vs_ros2_comparison/ros2_parameters_recommended.yaml
/home/uday/Downloads/pragati_ros2/docs/archive/2025-10-analysis/ros1_vs_ros2_comparison/MAINTENANCE.md,24,[Main ROS1 vs ROS2 Analysis](../analysis/ros1_vs_ros2_comparison/README.md),/home/uday/Downloads/pragati_ros2/docs/archive/2025-10-analysis/analysis/ros1_vs_ros2_comparison/README.md
/home/uday/Downloads/pragati_ros2/docs/archive/2025-10-analysis/ros1_vs_ros2_comparison/MAINTENANCE.md,24,[specific section](../analysis/ros1_vs_ros2_comparison/[relevant_file].md),/home/uday/Downloads/pragati_ros2/docs/archive/2025-10-analysis/analysis/ros1_vs_ros2_comparison/[relevant_file].md
/home/uday/Downloads/pragati_ros2/docs/archive/2025-10-analysis/ros1_vs_ros2_comparison/MAINTENANCE.md,81,[Main ROS1 vs ROS2 Analysis](../analysis/ros1_vs_ros2_comparison/README.md),/home/uday/Downloads/pragati_ros2/docs/archive/2025-10-analysis/analysis/ros1_vs_ros2_comparison/README.md
/home/uday/Downloads/pragati_ros2/docs/archive/2025-10-analysis/ros1_vs_ros2_comparison/MAINTENANCE.md,81,[Threading Performance Assessment](../analysis/ros1_vs_ros2_comparison/threading_performance_assessment.md#section-reference),/home/uday/Downloads/pragati_ros2/docs/archive/2025-10-analysis/analysis/ros1_vs_ros2_comparison/threading_performance_assessment.md
/home/uday/Downloads/pragati_ros2/docs/archive/2025-10-analysis/ros1_vs_ros2_comparison/MAINTENANCE.md,98,[Main Comparison Section](../analysis/ros1_vs_ros2_comparison/[relevant_file].md),/home/uday/Downloads/pragati_ros2/docs/archive/2025-10-analysis/analysis/ros1_vs_ros2_comparison/[relevant_file].md
/home/uday/Downloads/pragati_ros2/docs/archive/2025-10-analysis/ros1_vs_ros2_comparison/MAINTENANCE.md,99,[Supporting Reports](link to other related reports),/home/uday/Downloads/pragati_ros2/docs/archive/2025-10-analysis/ros1_vs_ros2_comparison/link to other related reports
/home/uday/Downloads/pragati_ros2/docs/archive/2025-10-15/originals/project-management/DOCUMENTATION_REORGANIZATION_PLAN.md,435,[.*\](.*.md),/home/uday/Downloads/pragati_ros2/docs/archive/2025-10-15/originals/project-management/.*.md
/home/uday/Downloads/pragati_ros2/docs/archive/2025-10-15/originals/enhancements/PHASE_2_ROADMAP.md,3,[Pragati Production System Documentation](../README.md),/home/uday/Downloads/pragati_ros2/docs/archive/2025-10-15/originals/README.md
/home/uday/Downloads/pragati_ros2/docs/archive/2025-10-15/originals/enhancements/PHASE_2_ROADMAP.md,191,[Cotton Detection Details](../production-system/03-COTTON_DETECTION.md),/home/uday/Downloads/pragati_ros2/docs/archive/2025-10-15/originals/production-system/03-COTTON_DETECTION.md
/home/uday/Downloads/pragati_ros2/docs/archive/2025-10-15/originals/enhancements/PHASE_2_ROADMAP.md,192,[Multi-Cotton Detection](MULTI_COTTON_DETECTION.md),/home/uday/Downloads/pragati_ros2/docs/archive/2025-10-15/originals/enhancements/MULTI_COTTON_DETECTION.md
/home/uday/Downloads/pragati_ros2/docs/archive/2025-10-15/originals/enhancements/PHASE_2_ROADMAP.md,193,[Continuous Operation](CONTINUOUS_OPERATION.md),/home/uday/Downloads/pragati_ros2/docs/archive/2025-10-15/originals/enhancements/CONTINUOUS_OPERATION.md
/home/uday/Downloads/pragati_ros2/docs/archive/2025-10-15/originals/enhancements/PHASE_2_ROADMAP.md,194,[Autonomous Navigation](AUTONOMOUS_NAVIGATION.md),/home/uday/Downloads/pragati_ros2/docs/archive/2025-10-15/originals/enhancements/AUTONOMOUS_NAVIGATION.md
/home/uday/Downloads/pragati_ros2/docs/archive/2025-10-15/originals/production-system/01-SYSTEM_OVERVIEW.md,3,[Pragati Production System Documentation](../README.md),/home/uday/Downloads/pragati_ros2/docs/archive/2025-10-15/originals/README.md
/home/uday/Downloads/pragati_ros2/docs/archive/2025-10/completion-reports/ALL_NO_HARDWARE_TASKS_COMPLETE.md,335,[TODO_MASTER.md](TODO_MASTER.md),/home/uday/Downloads/pragati_ros2/docs/archive/2025-10/completion-reports/TODO_MASTER.md
/home/uday/Downloads/pragati_ros2/docs/archive/2025-10/completion-reports/ALL_NO_HARDWARE_TASKS_COMPLETE.md,336,[status/STATUS_TRACKER.md](status/STATUS_TRACKER.md),/home/uday/Downloads/pragati_ros2/docs/archive/2025-10/completion-reports/status/STATUS_TRACKER.md
/home/uday/Downloads/pragati_ros2/docs/archive/2025-10/completion-reports/ALL_NO_HARDWARE_TASKS_COMPLETE.md,337,[CONSOLIDATION_LOG.md](CONSOLIDATION_LOG.md),/home/uday/Downloads/pragati_ros2/docs/archive/2025-10/completion-reports/CONSOLIDATION_LOG.md
/home/uday/Downloads/pragati_ros2/docs/archive/2025-10/completion-reports/ALL_NO_HARDWARE_TASKS_COMPLETE.md,340,[guides/MOTOR_TUNING_GUIDE.md](guides/MOTOR_TUNING_GUIDE.md),/home/uday/Downloads/pragati_ros2/docs/archive/2025-10/completion-reports/guides/MOTOR_TUNING_GUIDE.md
/home/uday/Downloads/pragati_ros2/docs/archive/2025-10/completion-reports/ALL_NO_HARDWARE_TASKS_COMPLETE.md,341,[guides/TROUBLESHOOTING.md](guides/TROUBLESHOOTING.md),/home/uday/Downloads/pragati_ros2/docs/archive/2025-10/completion-reports/guides/TROUBLESHOOTING.md
/home/uday/Downloads/pragati_ros2/docs/archive/2025-10/completion-reports/ALL_NO_HARDWARE_TASKS_COMPLETE.md,342,[architecture/SYSTEM_ARCHITECTURE.md](architecture/SYSTEM_ARCHITECTURE.md),/home/uday/Downloads/pragati_ros2/docs/archive/2025-10/completion-reports/architecture/SYSTEM_ARCHITECTURE.md
/home/uday/Downloads/pragati_ros2/docs/archive/2025-10/completion-reports/ALL_NO_HARDWARE_TASKS_COMPLETE.md,345,[archive/2025-10/todos_completed.md](archive/2025-10/todos_completed.md),/home/uday/Downloads/pragati_ros2/docs/archive/2025-10/completion-reports/archive/2025-10/todos_completed.md
/home/uday/Downloads/pragati_ros2/docs/archive/2025-10/completion-reports/ALL_NO_HARDWARE_TASKS_COMPLETE.md,346,[archive/2025-10/todos_obsolete.md](archive/2025-10/todos_obsolete.md),/home/uday/Downloads/pragati_ros2/docs/archive/2025-10/completion-reports/archive/2025-10/todos_obsolete.md
/home/uday/Downloads/pragati_ros2/docs/archive/2025-10/completion-reports/ALL_NO_HARDWARE_TASKS_COMPLETE.md,350,[../examples/README.md](../examples/README.md),/home/uday/Downloads/pragati_ros2/docs/archive/2025-10/examples/README.md
/home/uday/Downloads/pragati_ros2/docs/archive/2025-10/completion-reports/DATE_INCONSISTENCIES_RESOLVED.md,225,[TODO_MASTER.md](TODO_MASTER.md),/home/uday/Downloads/pragati_ros2/docs/archive/2025-10/completion-reports/TODO_MASTER.md
/home/uday/Downloads/pragati_ros2/docs/archive/2025-10/completion-reports/DATE_INCONSISTENCIES_RESOLVED.md,226,[STATUS_TRACKER.md](status/STATUS_TRACKER.md),/home/uday/Downloads/pragati_ros2/docs/archive/2025-10/completion-reports/status/STATUS_TRACKER.md
/home/uday/Downloads/pragati_ros2/docs/archive/2025-10/completion-reports/DATE_INCONSISTENCIES_RESOLVED.md,227,[CONSOLIDATION_LOG.md](CONSOLIDATION_LOG.md),/home/uday/Downloads/pragati_ros2/docs/archive/2025-10/completion-reports/CONSOLIDATION_LOG.md
/home/uday/Downloads/pragati_ros2/docs/archive/2025-10/completion-reports/NO_HARDWARE_TASKS_COMPLETE.md,240,[TODO_MASTER.md](TODO_MASTER.md),/home/uday/Downloads/pragati_ros2/docs/archive/2025-10/completion-reports/TODO_MASTER.md
/home/uday/Downloads/pragati_ros2/docs/archive/2025-10/completion-reports/NO_HARDWARE_TASKS_COMPLETE.md,241,[status/STATUS_TRACKER.md](status/STATUS_TRACKER.md),/home/uday/Downloads/pragati_ros2/docs/archive/2025-10/completion-reports/status/STATUS_TRACKER.md
/home/uday/Downloads/pragati_ros2/docs/archive/2025-10/completion-reports/NO_HARDWARE_TASKS_COMPLETE.md,242,[guides/](guides/),/home/uday/Downloads/pragati_ros2/docs/archive/2025-10/completion-reports/guides
/home/uday/Downloads/pragati_ros2/docs/archive/2025-10/completion-reports/NO_HARDWARE_TASKS_COMPLETE.md,243,[../examples/](../examples/),/home/uday/Downloads/pragati_ros2/docs/archive/2025-10/examples
/home/uday/Downloads/pragati_ros2/docs/archive/2025-10/completion-reports/NO_HARDWARE_TASKS_COMPLETE.md,244,[architecture/](architecture/),/home/uday/Downloads/pragati_ros2/docs/archive/2025-10/completion-reports/architecture
/home/uday/Downloads/pragati_ros2/docs/archive/2025-10/motor_control/MG6010_INDEX.md,11,[MG6010_STATUS.md](MG6010_STATUS.md),/home/uday/Downloads/pragati_ros2/docs/archive/2025-10/motor_control/MG6010_STATUS.md
/home/uday/Downloads/pragati_ros2/docs/archive/2025-10/motor_control/MG6010_INDEX.md,14,[MG6010_INTEGRATION_COMPLETE.md](MG6010_INTEGRATION_COMPLETE.md),/home/uday/Downloads/pragati_ros2/docs/archive/2025-10/motor_control/MG6010_INTEGRATION_COMPLETE.md
/home/uday/Downloads/pragati_ros2/docs/archive/2025-10/motor_control/MG6010_INDEX.md,15,[MG6010_INTEGRATION_PLAN.md](MG6010_INTEGRATION_PLAN.md),/home/uday/Downloads/pragati_ros2/docs/archive/2025-10/motor_control/MG6010_INTEGRATION_PLAN.md
/home/uday/Downloads/pragati_ros2/docs/archive/2025-10/motor_control/MG6010_INDEX.md,18,[PROTOCOL_COMPARISON.md](PROTOCOL_COMPARISON.md),/home/uday/Downloads/pragati_ros2/docs/archive/2025-10/motor_control/PROTOCOL_COMPARISON.md
/home/uday/Downloads/pragati_ros2/docs/archive/2025-10/motor_control/MG6010_INDEX.md,27,[MG6010_INTEGRATION_COMPLETE.md](MG6010_INTEGRATION_COMPLETE.md),/home/uday/Downloads/pragati_ros2/docs/archive/2025-10/motor_control/MG6010_INTEGRATION_COMPLETE.md
/home/uday/Downloads/pragati_ros2/docs/archive/2025-10/motor_control/MG6010_INDEX.md,30,[MG6010_STATUS.md](MG6010_STATUS.md),/home/uday/Downloads/pragati_ros2/docs/archive/2025-10/motor_control/MG6010_STATUS.md
/home/uday/Downloads/pragati_ros2/docs/archive/2025-10/motor_control/MG6010_INDEX.md,36,[MG6010_INTEGRATION_PLAN.md](MG6010_INTEGRATION_PLAN.md),/home/uday/Downloads/pragati_ros2/docs/archive/2025-10/motor_control/MG6010_INTEGRATION_PLAN.md
/home/uday/Downloads/pragati_ros2/docs/archive/2025-10/motor_control/MG6010_INDEX.md,39,[PROTOCOL_COMPARISON.md](PROTOCOL_COMPARISON.md),/home/uday/Downloads/pragati_ros2/docs/archive/2025-10/motor_control/PROTOCOL_COMPARISON.md
/home/uday/Downloads/pragati_ros2/docs/archive/2025-10/motor_control/MG6010_INDEX.md,98,[MG6010_INTEGRATION_COMPLETE.md](MG6010_INTEGRATION_COMPLETE.md),/home/uday/Downloads/pragati_ros2/docs/archive/2025-10/motor_control/MG6010_INTEGRATION_COMPLETE.md
/home/uday/Downloads/pragati_ros2/docs/archive/2025-10/motor_control/DOCUMENTATION_CONSOLIDATION_PLAN.md,104,[ODRIVE_LEGACY_README.md](ODRIVE_LEGACY_README.md),/home/uday/Downloads/pragati_ros2/docs/archive/2025-10/motor_control/ODRIVE_LEGACY_README.md
/home/uday/Downloads/pragati_ros2/docs/archive/2025-10/motor_control/DOCUMENTATION_CONSOLIDATION_PLAN.md,146,[SERVICES_NODES_GUIDE.md](docs/SERVICES_NODES_GUIDE.md),/home/uday/Downloads/pragati_ros2/docs/archive/2025-10/motor_control/docs/SERVICES_NODES_GUIDE.md
/home/uday/Downloads/pragati_ros2/docs/archive/2025-10/motor_control/DOCUMENTATION_CONSOLIDATION_PLAN.md,149,[PARAMETER_REFERENCE.md](docs/PARAMETER_REFERENCE.md),/home/uday/Downloads/pragati_ros2/docs/archive/2025-10/motor_control/docs/PARAMETER_REFERENCE.md
/home/uday/Downloads/pragati_ros2/docs/archive/2025-10/motor_control/DOCUMENTATION_CONSOLIDATION_PLAN.md,159,[MG6010 Setup Guide](docs/MG6010_GUIDE.md),/home/uday/Downloads/pragati_ros2/docs/archive/2025-10/motor_control/docs/MG6010_GUIDE.md
/home/uday/Downloads/pragati_ros2/docs/archive/2025-10/motor_control/DOCUMENTATION_CONSOLIDATION_PLAN.md,160,[MG6010 Calibration](docs/MG6010_CALIBRATION_GUIDE.md),/home/uday/Downloads/pragati_ros2/docs/archive/2025-10/motor_control/docs/MG6010_CALIBRATION_GUIDE.md
/home/uday/Downloads/pragati_ros2/docs/archive/2025-10/motor_control/DOCUMENTATION_CONSOLIDATION_PLAN.md,161,[MG6010 Error Codes](docs/MG6010_ERROR_CODES.md),/home/uday/Downloads/pragati_ros2/docs/archive/2025-10/motor_control/docs/MG6010_ERROR_CODES.md
/home/uday/Downloads/pragati_ros2/docs/archive/2025-10/motor_control/DOCUMENTATION_CONSOLIDATION_PLAN.md,162,[MG6010 Protocol Details](docs/MG6010_PROTOCOL.md),/home/uday/Downloads/pragati_ros2/docs/archive/2025-10/motor_control/docs/MG6010_PROTOCOL.md
/home/uday/Downloads/pragati_ros2/docs/archive/2025-10/motor_control/DOCUMENTATION_CONSOLIDATION_PLAN.md,165,[ODrive Legacy README](ODRIVE_LEGACY_README.md),/home/uday/Downloads/pragati_ros2/docs/archive/2025-10/motor_control/ODRIVE_LEGACY_README.md
/home/uday/Downloads/pragati_ros2/docs/archive/2025-10/motor_control/DOCUMENTATION_CONSOLIDATION_PLAN.md,169,[Motor Abstraction API](docs/MOTOR_ABSTRACTION_API.md),/home/uday/Downloads/pragati_ros2/docs/archive/2025-10/motor_control/docs/MOTOR_ABSTRACTION_API.md
/home/uday/Downloads/pragati_ros2/docs/archive/2025-10/motor_control/DOCUMENTATION_CONSOLIDATION_PLAN.md,197,[TROUBLESHOOTING.md](docs/TROUBLESHOOTING.md#mg6010-issues),/home/uday/Downloads/pragati_ros2/docs/archive/2025-10/motor_control/docs/TROUBLESHOOTING.md
/home/uday/Downloads/pragati_ros2/docs/archive/2025-10/motor_control/DOCUMENTATION_CONSOLIDATION_PLAN.md,205,[ODRIVE_LEGACY_README.md](ODRIVE_LEGACY_README.md#troubleshooting),/home/uday/Downloads/pragati_ros2/docs/archive/2025-10/motor_control/ODRIVE_LEGACY_README.md
/home/uday/Downloads/pragati_ros2/docs/archive/2025-10/motor_control/DOCUMENTATION_CONSOLIDATION_PLAN.md,210,[Documentation Index](docs/README.md),/home/uday/Downloads/pragati_ros2/docs/archive/2025-10/motor_control/docs/README.md
/home/uday/Downloads/pragati_ros2/docs/archive/2025-10/motor_control/DOCUMENTATION_CONSOLIDATION_PLAN.md,211,[Traceability Table](docs/TRACEABILITY_TABLE.md),/home/uday/Downloads/pragati_ros2/docs/archive/2025-10/motor_control/docs/TRACEABILITY_TABLE.md
/home/uday/Downloads/pragati_ros2/docs/archive/2025-10/motor_control/DOCUMENTATION_CONSOLIDATION_PLAN.md,212,[Documentation Gaps Analysis](docs/DOCUMENTATION_GAPS_ANALYSIS.md),/home/uday/Downloads/pragati_ros2/docs/archive/2025-10/motor_control/docs/DOCUMENTATION_GAPS_ANALYSIS.md
/home/uday/Downloads/pragati_ros2/docs/archive/2025-10/motor_control/DOCUMENTATION_CONSOLIDATION_PLAN.md,215,[Contributing Guide](docs/CONTRIBUTING.md),/home/uday/Downloads/pragati_ros2/docs/archive/2025-10/motor_control/docs/CONTRIBUTING.md
/home/uday/Downloads/pragati_ros2/docs/archive/2025-10/motor_control/DOCUMENTATION_CONSOLIDATION_PLAN.md,216,[Code Review Checklist](docs/CODE_REVIEW_CHECKLIST.md),/home/uday/Downloads/pragati_ros2/docs/archive/2025-10/motor_control/docs/CODE_REVIEW_CHECKLIST.md
/home/uday/Downloads/pragati_ros2/docs/archive/2025-10/motor_control/DOCUMENTATION_CONSOLIDATION_PLAN.md,217,[Testing Guide](docs/TESTING_GUIDE.md),/home/uday/Downloads/pragati_ros2/docs/archive/2025-10/motor_control/docs/TESTING_GUIDE.md
/home/uday/Downloads/pragati_ros2/docs/archive/2025-10/motor_control/DOCUMENTATION_CONSOLIDATION_PLAN.md,352,[MG6010_GUIDE.md](docs/MG6010_GUIDE.md),/home/uday/Downloads/pragati_ros2/docs/archive/2025-10/motor_control/docs/MG6010_GUIDE.md
/home/uday/Downloads/pragati_ros2/docs/archive/2025-10/motor_control/DOCUMENTATION_CONSOLIDATION_PLAN.md,353,[ODRIVE_LEGACY_README.md](ODRIVE_LEGACY_README.md),/home/uday/Downloads/pragati_ros2/docs/archive/2025-10/motor_control/ODRIVE_LEGACY_README.md
/home/uday/Downloads/pragati_ros2/docs/archive/2025-10/motor_control/DOCUMENTATION_CONSOLIDATION_PLAN.md,376,[MIGRATION_GUIDE.md](docs/MIGRATION_GUIDE.md),/home/uday/Downloads/pragati_ros2/docs/archive/2025-10/motor_control/docs/MIGRATION_GUIDE.md
/home/uday/Downloads/pragati_ros2/docs/archive/2025-10/motor_control/DOCUMENTATION_CONSOLIDATION_PLAN.md,387,[MG6010_GUIDE.md](docs/MG6010_GUIDE.md),/home/uday/Downloads/pragati_ros2/docs/archive/2025-10/motor_control/docs/MG6010_GUIDE.md
/home/uday/Downloads/pragati_ros2/docs/archive/2025-10/motor_control/DOCUMENTATION_CONSOLIDATION_PLAN.md,464,[MG6010_GUIDE.md](docs/MG6010_GUIDE.md),/home/uday/Downloads/pragati_ros2/docs/archive/2025-10/motor_control/docs/MG6010_GUIDE.md
/home/uday/Downloads/pragati_ros2/docs/archive/2025-10/motor_control/DOCUMENTATION_CONSOLIDATION_PLAN.md,465,[ODRIVE_LEGACY_README.md](ODRIVE_LEGACY_README.md),/home/uday/Downloads/pragati_ros2/docs/archive/2025-10/motor_control/ODRIVE_LEGACY_README.md
/home/uday/Downloads/pragati_ros2/docs/archive/2025-10/motor_control/DOCUMENTATION_CONSOLIDATION_PLAN.md,466,[SERVICES_NODES_GUIDE.md](docs/SERVICES_NODES_GUIDE.md),/home/uday/Downloads/pragati_ros2/docs/archive/2025-10/motor_control/docs/SERVICES_NODES_GUIDE.md
/home/uday/Downloads/pragati_ros2/docs/archive/2025-10/motor_control/DOCUMENTATION_CONSOLIDATION_PLAN.md,467,[PARAMETER_REFERENCE.md](docs/PARAMETER_REFERENCE.md),/home/uday/Downloads/pragati_ros2/docs/archive/2025-10/motor_control/docs/PARAMETER_REFERENCE.md
/home/uday/Downloads/pragati_ros2/docs/archive/2025-10/motor_control/CODE_DOC_MISMATCH_REPORT.md,495,[ODRIVE_LEGACY_README.md](ODRIVE_LEGACY_README.md),/home/uday/Downloads/pragati_ros2/docs/archive/2025-10/motor_control/ODRIVE_LEGACY_README.md
/home/uday/Downloads/pragati_ros2/docs/archive/2025-10/motor_control/INDEX.md,6,[src/motor_control_ros2/README.md](../../../../src/motor_control_ros2/README.md),/home/uday/Downloads/pragati_ros2/src/motor_control_ros2/README.md
/home/uday/Downloads/pragati_ros2/docs/archive/2025-10/motor_control/INDEX.md,97,[../cotton_detection/](../cotton_detection/),/home/uday/Downloads/pragati_ros2/docs/archive/2025-10/cotton_detection
/home/uday/Downloads/pragati_ros2/docs/archive/2025-10/motor_control/INDEX.md,98,[../yanthra_move/](../yanthra_move/),/home/uday/Downloads/pragati_ros2/docs/archive/2025-10/yanthra_move
/home/uday/Downloads/pragati_ros2/docs/archive/2025-10/motor_control/INDEX.md,99,[../../evidence/2025-10-15/](../../evidence/2025-10-15/),/home/uday/Downloads/pragati_ros2/docs/archive/evidence/2025-10-15
/home/uday/Downloads/pragati_ros2/docs/archive/2025-10/motor_control/INDEX.md,118,[../../DOCUMENTATION_CONSOLIDATION_PLAN_2025-10-15.md](../../DOCUMENTATION_CONSOLIDATION_PLAN_2025-10-15.md),/home/uday/Downloads/pragati_ros2/docs/archive/DOCUMENTATION_CONSOLIDATION_PLAN_2025-10-15.md
/home/uday/Downloads/pragati_ros2/docs/archive/2025-10/motor_control/INDEX.md,119,[../../CONSOLIDATION_LOG.md](../../CONSOLIDATION_LOG.md),/home/uday/Downloads/pragati_ros2/docs/archive/CONSOLIDATION_LOG.md
/home/uday/Downloads/pragati_ros2/docs/archive/2025-10/motor_control/INDEX.md,120,[../../CONSOLIDATION_MAP.md](../../CONSOLIDATION_MAP.md),/home/uday/Downloads/pragati_ros2/docs/archive/CONSOLIDATION_MAP.md
/home/uday/Downloads/pragati_ros2/docs/archive/2025-10/motor_control/DOCUMENTATION_REVIEW_COMPLETE.md,229,[mg6010_test.yaml](../config/mg6010_test.yaml),/home/uday/Downloads/pragati_ros2/docs/archive/2025-10/config/mg6010_test.yaml
/home/uday/Downloads/pragati_ros2/docs/archive/2025-10/motor_control/DOCUMENTATION_REVIEW_COMPLETE.md,230,[mg6010_test.launch.py](../launch/mg6010_test.launch.py),/home/uday/Downloads/pragati_ros2/docs/archive/2025-10/launch/mg6010_test.launch.py
/home/uday/Downloads/pragati_ros2/docs/archive/2025-10/motor_control/DOCUMENTATION_REVIEW_COMPLETE.md,233,[MG6010_README_UPDATES.md](../../docs/MG6010_README_UPDATES.md),/home/uday/Downloads/pragati_ros2/docs/archive/docs/MG6010_README_UPDATES.md
/home/uday/Downloads/pragati_ros2/docs/archive/2025-10/motor_control/README.md,75,[../../docs/guides/SAFETY_MONITOR_INTEGRATION_GUIDE.md](../../docs/guides/SAFETY_MONITOR_INTEGRATION_GUIDE.md),/home/uday/Downloads/pragati_ros2/docs/archive/docs/guides/SAFETY_MONITOR_INTEGRATION_GUIDE.md
/home/uday/Downloads/pragati_ros2/docs/archive/2025-10/motor_control/README.md,79,[../../docs/guides/CAN_BUS_SETUP_GUIDE.md](../../docs/guides/CAN_BUS_SETUP_GUIDE.md),/home/uday/Downloads/pragati_ros2/docs/archive/docs/guides/CAN_BUS_SETUP_GUIDE.md
/home/uday/Downloads/pragati_ros2/docs/archive/2025-10/motor_control/README.md,80,[../../docs/guides/GPIO_SETUP_GUIDE.md](../../docs/guides/GPIO_SETUP_GUIDE.md),/home/uday/Downloads/pragati_ros2/docs/archive/docs/guides/GPIO_SETUP_GUIDE.md
/home/uday/Downloads/pragati_ros2/docs/archive/2025-10/motor_control/README.md,81,[../../docs/guides/SAFETY_MONITOR_INTEGRATION_GUIDE.md](../../docs/guides/SAFETY_MONITOR_INTEGRATION_GUIDE.md),/home/uday/Downloads/pragati_ros2/docs/archive/docs/guides/SAFETY_MONITOR_INTEGRATION_GUIDE.md
/home/uday/Downloads/pragati_ros2/docs/archive/2025-10/consolidation-meta/CONSOLIDATION_COMPLETE.md,417,[CONSOLIDATION_LOG.md](CONSOLIDATION_LOG.md),/home/uday/Downloads/pragati_ros2/docs/archive/2025-10/consolidation-meta/CONSOLIDATION_LOG.md
/home/uday/Downloads/pragati_ros2/docs/archive/2025-10/consolidation-meta/CONSOLIDATION_COMPLETE.md,419,[status/STATUS_TRACKER.md](status/STATUS_TRACKER.md),/home/uday/Downloads/pragati_ros2/docs/archive/2025-10/consolidation-meta/status/STATUS_TRACKER.md
/home/uday/Downloads/pragati_ros2/docs/archive/2025-10/consolidation-meta/CONSOLIDATION_COMPLETE.md,420,[TODO_MASTER.md](TODO_MASTER.md),/home/uday/Downloads/pragati_ros2/docs/archive/2025-10/consolidation-meta/TODO_MASTER.md
/home/uday/Downloads/pragati_ros2/docs/archive/2025-10/consolidation-meta/CONSOLIDATION_COMPLETE.md,421,[archive/INDEX.md](archive/INDEX.md),/home/uday/Downloads/pragati_ros2/docs/archive/2025-10/consolidation-meta/archive/INDEX.md
/home/uday/Downloads/pragati_ros2/docs/archive/2025-10/consolidation-meta/CONSOLIDATION_COMPLETE.md,422,[INDEX.md](INDEX.md),/home/uday/Downloads/pragati_ros2/docs/archive/2025-10/consolidation-meta/INDEX.md
/home/uday/Downloads/pragati_ros2/docs/archive/2025-10/consolidation-meta/CONSOLIDATION_MAP.md,576,[TODO Master List](TODO_MASTER.md),/home/uday/Downloads/pragati_ros2/docs/archive/2025-10/consolidation-meta/TODO_MASTER.md
/home/uday/Downloads/pragati_ros2/docs/archive/2025-10/consolidation-meta/CONSOLIDATION_MAP.md,577,[Status Tracker](status/STATUS_TRACKER.md),/home/uday/Downloads/pragati_ros2/docs/archive/2025-10/consolidation-meta/status/STATUS_TRACKER.md
/home/uday/Downloads/pragati_ros2/docs/archive/2025-10/consolidation-meta/CONSOLIDATION_MAP.md,578,[Status Reality Matrix](STATUS_REALITY_MATRIX.md),/home/uday/Downloads/pragati_ros2/docs/archive/2025-10/consolidation-meta/STATUS_REALITY_MATRIX.md
/home/uday/Downloads/pragati_ros2/docs/archive/2025-10/consolidation-meta/CONSOLIDATION_MAP.md,581,[Cotton Detection](../src/cotton_detection_ros2/README.md),/home/uday/Downloads/pragati_ros2/docs/archive/2025-10/src/cotton_detection_ros2/README.md
/home/uday/Downloads/pragati_ros2/docs/archive/2025-10/consolidation-meta/CONSOLIDATION_MAP.md,582,[Offline Testing Guide](../src/cotton_detection_ros2/OFFLINE_TESTING.md),/home/uday/Downloads/pragati_ros2/docs/archive/2025-10/src/cotton_detection_ros2/OFFLINE_TESTING.md
/home/uday/Downloads/pragati_ros2/docs/archive/2025-10/consolidation-meta/CONSOLIDATION_MAP.md,583,[Motor Control](../src/motor_control_ros2/README.md),/home/uday/Downloads/pragati_ros2/docs/archive/2025-10/src/motor_control_ros2/README.md
/home/uday/Downloads/pragati_ros2/docs/archive/2025-10/consolidation-meta/CONSOLIDATION_MAP.md,584,[Yanthra Move](../src/yanthra_move/README.md),/home/uday/Downloads/pragati_ros2/docs/archive/2025-10/src/yanthra_move/README.md
/home/uday/Downloads/pragati_ros2/docs/archive/2025-10/consolidation-meta/CONSOLIDATION_MAP.md,587,[Getting Started](getting-started/QUICK_START.md),/home/uday/Downloads/pragati_ros2/docs/archive/2025-10/consolidation-meta/getting-started/QUICK_START.md
/home/uday/Downloads/pragati_ros2/docs/archive/2025-10/consolidation-meta/CONSOLIDATION_MAP.md,588,[Calibration](CALIBRATION_GUIDE.md),/home/uday/Downloads/pragati_ros2/docs/archive/2025-10/consolidation-meta/CALIBRATION_GUIDE.md
/home/uday/Downloads/pragati_ros2/docs/archive/2025-10/consolidation-meta/CONSOLIDATION_MAP.md,589,[Simulation Mode](guides/SIMULATION_MODE_GUIDE.md),/home/uday/Downloads/pragati_ros2/docs/archive/2025-10/consolidation-meta/guides/SIMULATION_MODE_GUIDE.md
/home/uday/Downloads/pragati_ros2/docs/archive/2025-10/consolidation-meta/CONSOLIDATION_MAP.md,590,[Hardware Setup](guides/CAN_BUS_SETUP_GUIDE.md),/home/uday/Downloads/pragati_ros2/docs/archive/2025-10/consolidation-meta/guides/CAN_BUS_SETUP_GUIDE.md
/home/uday/Downloads/pragati_ros2/docs/archive/2025-10/consolidation-meta/CONSOLIDATION_MAP.md,593,[TODO Master](TODO_MASTER.md),/home/uday/Downloads/pragati_ros2/docs/archive/2025-10/consolidation-meta/TODO_MASTER.md
/home/uday/Downloads/pragati_ros2/docs/archive/2025-10/consolidation-meta/CONSOLIDATION_MAP.md,594,[Status Tracker](status/STATUS_TRACKER.md),/home/uday/Downloads/pragati_ros2/docs/archive/2025-10/consolidation-meta/status/STATUS_TRACKER.md
/home/uday/Downloads/pragati_ros2/docs/archive/2025-10/consolidation-meta/CONSOLIDATION_MAP.md,595,[Gap Analysis](project-management/GAP_ANALYSIS_OCT2025.md),/home/uday/Downloads/pragati_ros2/docs/archive/2025-10/consolidation-meta/project-management/GAP_ANALYSIS_OCT2025.md
/home/uday/Downloads/pragati_ros2/docs/archive/2025-10/consolidation-meta/CONSOLIDATION_MAP.md,598,[Evidence](evidence/),/home/uday/Downloads/pragati_ros2/docs/archive/2025-10/consolidation-meta/evidence
/home/uday/Downloads/pragati_ros2/docs/archive/2025-10/consolidation-meta/CONSOLIDATION_MAP.md,599,[Archive](archive/),/home/uday/Downloads/pragati_ros2/docs/archive/2025-10/consolidation-meta/archive
/home/uday/Downloads/pragati_ros2/docs/archive/2025-10/consolidation-meta/CONSOLIDATION_MAP.md,600,[Archive Index](archive/INDEX.md),/home/uday/Downloads/pragati_ros2/docs/archive/2025-10/consolidation-meta/archive/INDEX.md
/home/uday/Downloads/pragati_ros2/docs/archive/2025-10/consolidation-meta/CONSOLIDATION_MAP.md,605,[Consolidation Log](CONSOLIDATION_LOG.md),/home/uday/Downloads/pragati_ros2/docs/archive/2025-10/consolidation-meta/CONSOLIDATION_LOG.md
/home/uday/Downloads/pragati_ros2/docs/archive/2025-10/superseded/MOTOR_TUNING_GUIDE_2025-10-09_ODrive.md,7,[CALIBRATION_GUIDE.md](./CALIBRATION_GUIDE.md),/home/uday/Downloads/pragati_ros2/docs/archive/2025-10/superseded/CALIBRATION_GUIDE.md
/home/uday/Downloads/pragati_ros2/docs/archive/2025-10/superseded/MOTOR_TUNING_GUIDE_2025-10-09_ODrive.md,875,[CALIBRATION_GUIDE.md](./CALIBRATION_GUIDE.md),/home/uday/Downloads/pragati_ros2/docs/archive/2025-10/superseded/CALIBRATION_GUIDE.md
/home/uday/Downloads/pragati_ros2/docs/archive/2025-10/superseded/MOTOR_TUNING_GUIDE_2025-10-09_ODrive.md,876,[HARDWARE_TEST_CHECKLIST.md](./HARDWARE_TEST_CHECKLIST.md),/home/uday/Downloads/pragati_ros2/docs/archive/2025-10/superseded/HARDWARE_TEST_CHECKLIST.md
/home/uday/Downloads/pragati_ros2/docs/archive/2025-10/superseded/MOTOR_TUNING_GUIDE_2025-10-09_ODrive.md,877,[TESTING_AND_VALIDATION_PLAN.md](./TESTING_AND_VALIDATION_PLAN.md),/home/uday/Downloads/pragati_ros2/docs/archive/2025-10/superseded/TESTING_AND_VALIDATION_PLAN.md
/home/uday/Downloads/pragati_ros2/docs/archive/2025-10/execution-plans/EXECUTION_PLAN_2025-09-30.md,484,[this](const std_msgs::msg::String::SharedPtr msg),/home/uday/Downloads/pragati_ros2/docs/archive/2025-10/execution-plans/const std_msgs::msg::String::SharedPtr msg
/home/uday/Downloads/pragati_ros2/docs/archive/2025-10/session-summaries/README.md,22,[docs/archive/2025-10-sessions/](../../2025-10-sessions/),/home/uday/Downloads/pragati_ros2/docs/archive/2025-10-sessions
/home/uday/Downloads/pragati_ros2/docs/archive/2025-10/tier-completion/TIER2_2_COMPLETE.md,357,[this](const auto& msg),/home/uday/Downloads/pragati_ros2/docs/archive/2025-10/tier-completion/const auto& msg
/home/uday/Downloads/pragati_ros2/docs/evidence/2025-10-15/SAFETY_MONITOR_IMPLEMENTATION_COMPLETE.md,143,[this](const sensor_msgs::msg::JointState::SharedPtr msg),/home/uday/Downloads/pragati_ros2/docs/evidence/2025-10-15/const sensor_msgs::msg::JointState::SharedPtr msg
