from,to
/home/uday/Downloads/pragati_ros2/docs/CLEANUP_PHASE2_SUMMARY.md,/home/uday/Downloads/pragati_ros2/docs/archive/2025-10/consolidation-meta/DOCUMENTATION_CONSOLIDATION_PLAN_2025-10-15.md
/home/uday/Downloads/pragati_ros2/docs/CLEANUP_PHASE2_SUMMARY.md,/home/uday/Downloads/pragati_ros2/docs/archive/2025-10/consolidation-meta/CONSOLIDATION_COMPLETE.md
/home/uday/Downloads/pragati_ros2/docs/CLEANUP_PHASE2_SUMMARY.md,/home/uday/Downloads/pragati_ros2/docs/archive/2025-10/moves_2025-10-phase2.csv
/home/uday/Downloads/pragati_ros2/docs/CLEANUP_PHASE2_SUMMARY.md,/home/uday/Downloads/pragati_ros2/docs/archive/INDEX.md
/home/uday/Downloads/pragati_ros2/docs/CLEANUP_PHASE2_SUMMARY.md,/home/uday/Downloads/pragati_ros2/docs/INDEX.md
/home/uday/Downloads/pragati_ros2/docs/DOCUMENTATION_ORGANIZATION.md,/home/uday/Downloads/pragati_ros2/README.md
/home/uday/Downloads/pragati_ros2/docs/DOCUMENTATION_ORGANIZATION.md,/home/uday/Downloads/pragati_ros2/docs/README.md
/home/uday/Downloads/pragati_ros2/docs/DOCUMENTATION_ORGANIZATION.md,/home/uday/Downloads/pragati_ros2/docs/integration/COTTON_DETECTION_INTEGRATION_README.md
/home/uday/Downloads/pragati_ros2/docs/DOCUMENTATION_ORGANIZATION.md,/home/uday/Downloads/pragati_ros2/docs/integration/COTTON_DETECTION_INTEGRATION_COMPLETE.md
/home/uday/Downloads/pragati_ros2/docs/DOCUMENTATION_ORGANIZATION.md,/home/uday/Downloads/pragati_ros2/docs/guides/COTTON_DETECTION_MIGRATION_GUIDE.md
/home/uday/Downloads/pragati_ros2/docs/DOCUMENTATION_ORGANIZATION.md,/home/uday/Downloads/pragati_ros2/README.md
/home/uday/Downloads/pragati_ros2/docs/DOCUMENTATION_ORGANIZATION.md,/home/uday/Downloads/pragati_ros2/docs/README.md
/home/uday/Downloads/pragati_ros2/docs/DOCUMENTATION_ORGANIZATION.md,/home/uday/Downloads/pragati_ros2/docs/integration/COTTON_DETECTION_INTEGRATION_README.md
/home/uday/Downloads/pragati_ros2/docs/DOCUMENTATION_ORGANIZATION.md,/home/uday/Downloads/pragati_ros2/docs/archive/2025-10-21/scripts/test_integration.sh
/home/uday/Downloads/pragati_ros2/docs/DOCUMENTATION_ORGANIZATION.md,/home/uday/Downloads/pragati_ros2/docs/guides
/home/uday/Downloads/pragati_ros2/docs/DOCUMENTATION_ORGANIZATION.md,/home/uday/Downloads/pragati_ros2/docs/archive
/home/uday/Downloads/pragati_ros2/docs/DOCUMENTATION_ORGANIZATION.md,/home/uday/Downloads/pragati_ros2/docs/README.md
/home/uday/Downloads/pragati_ros2/docs/START_HERE.md,/home/uday/Downloads/pragati_ros2/docs/INDEX.md
/home/uday/Downloads/pragati_ros2/docs/START_HERE.md,/home/uday/Downloads/pragati_ros2/docs/README.md
/home/uday/Downloads/pragati_ros2/docs/START_HERE.md,/home/uday/Downloads/pragati_ros2/docs/PRODUCTION_READINESS_GAP.md
/home/uday/Downloads/pragati_ros2/docs/START_HERE.md,/home/uday/Downloads/pragati_ros2/docs/CONSOLIDATED_ROADMAP.md
/home/uday/Downloads/pragati_ros2/docs/START_HERE.md,/home/uday/Downloads/pragati_ros2/docs/CONSOLIDATION_SUMMARY.md
/home/uday/Downloads/pragati_ros2/docs/START_HERE.md,/home/uday/Downloads/pragati_ros2/docs/archive/2025-10/README.md
/home/uday/Downloads/pragati_ros2/docs/INDEX.md,/home/uday/Downloads/pragati_ros2/README.md
/home/uday/Downloads/pragati_ros2/docs/INDEX.md,/home/uday/Downloads/pragati_ros2/docs/STATUS_REALITY_MATRIX.md
/home/uday/Downloads/pragati_ros2/docs/INDEX.md,/home/uday/Downloads/pragati_ros2/docs/validation/COMPREHENSIVE_SYSTEM_VALIDATION_REPORT.md
/home/uday/Downloads/pragati_ros2/docs/INDEX.md,/home/uday/Downloads/pragati_ros2/docs/HARDWARE_TEST_CHECKLIST.md
/home/uday/Downloads/pragati_ros2/docs/INDEX.md,/home/uday/Downloads/pragati_ros2/docs/guides/SIMULATION_MODE_GUIDE.md
/home/uday/Downloads/pragati_ros2/docs/INDEX.md,/home/uday/Downloads/pragati_ros2/docs/TODO_MASTER.md
/home/uday/Downloads/pragati_ros2/docs/INDEX.md,/home/uday/Downloads/pragati_ros2/docs/status/STATUS_TRACKER.md
/home/uday/Downloads/pragati_ros2/docs/INDEX.md,/home/uday/Downloads/pragati_ros2/docs/STATUS_REALITY_MATRIX.md
/home/uday/Downloads/pragati_ros2/docs/INDEX.md,/home/uday/Downloads/pragati_ros2/docs/MASTER_MIGRATION_STRATEGY.md
/home/uday/Downloads/pragati_ros2/docs/INDEX.md,/home/uday/Downloads/pragati_ros2/docs/DOCUMENTATION_ORGANIZATION.md
/home/uday/Downloads/pragati_ros2/docs/INDEX.md,/home/uday/Downloads/pragati_ros2/docs/CLEANUP_PHASE2_SUMMARY.md
/home/uday/Downloads/pragati_ros2/docs/INDEX.md,/home/uday/Downloads/pragati_ros2/docs/guides/COTTON_DETECTION_MIGRATION_GUIDE.md
/home/uday/Downloads/pragati_ros2/docs/INDEX.md,/home/uday/Downloads/pragati_ros2/docs/guides/SIMULATION_MODE_GUIDE.md
/home/uday/Downloads/pragati_ros2/docs/INDEX.md,/home/uday/Downloads/pragati_ros2/docs/guides/CAMERA_INTEGRATION_GUIDE.md
/home/uday/Downloads/pragati_ros2/docs/INDEX.md,/home/uday/Downloads/pragati_ros2/docs/guides/RESTORATION_NEXT_STEPS.md
/home/uday/Downloads/pragati_ros2/docs/INDEX.md,/home/uday/Downloads/pragati_ros2/docs/guides/CLEANUP_AND_MAINTENANCE_PLAN.md
/home/uday/Downloads/pragati_ros2/docs/INDEX.md,/home/uday/Downloads/pragati_ros2/docs/validation/COMPREHENSIVE_SYSTEM_VALIDATION_REPORT.md
/home/uday/Downloads/pragati_ros2/docs/INDEX.md,/home/uday/Downloads/pragati_ros2/docs/validation/HARDWARE_TEST_RESULTS.md
/home/uday/Downloads/pragati_ros2/docs/INDEX.md,/home/uday/Downloads/pragati_ros2/docs/TESTING_AND_VALIDATION_PLAN.md
/home/uday/Downloads/pragati_ros2/docs/INDEX.md,/home/uday/Downloads/pragati_ros2/docs/guides/MOTOR_TUNING_GUIDE.md
/home/uday/Downloads/pragati_ros2/docs/INDEX.md,/home/uday/Downloads/pragati_ros2/docs/archive/INDEX.md
/home/uday/Downloads/pragati_ros2/docs/INDEX.md,/home/uday/Downloads/pragati_ros2/docs/archive/2025-10/consolidation-meta
/home/uday/Downloads/pragati_ros2/docs/INDEX.md,/home/uday/Downloads/pragati_ros2/docs/archive/2025-10/completion-reports
/home/uday/Downloads/pragati_ros2/docs/INDEX.md,/home/uday/Downloads/pragati_ros2/docs/archive/2025-10/session-summaries
/home/uday/Downloads/pragati_ros2/docs/INDEX.md,/home/uday/Downloads/pragati_ros2/docs/archive/2025-10/execution-plans
/home/uday/Downloads/pragati_ros2/docs/INDEX.md,/home/uday/Downloads/pragati_ros2/docs/archive/2025-10/stakeholder-docs
/home/uday/Downloads/pragati_ros2/docs/INDEX.md,/home/uday/Downloads/pragati_ros2/docs/archive/2025-10/superseded
/home/uday/Downloads/pragati_ros2/docs/INDEX.md,/home/uday/Downloads/pragati_ros2/docs/archive/2025-10/generated-reports
/home/uday/Downloads/pragati_ros2/docs/INDEX.md,/home/uday/Downloads/pragati_ros2/docs/archive/2025-10/motor_control
/home/uday/Downloads/pragati_ros2/docs/INDEX.md,/home/uday/Downloads/pragati_ros2/docs/archive/2025-10/cotton_detection
/home/uday/Downloads/pragati_ros2/docs/INDEX.md,/home/uday/Downloads/pragati_ros2/docs/archive/2025-10/yanthra_move
/home/uday/Downloads/pragati_ros2/docs/INDEX.md,/home/uday/Downloads/pragati_ros2/docs/archive/2025-10/phase-completion
/home/uday/Downloads/pragati_ros2/docs/INDEX.md,/home/uday/Downloads/pragati_ros2/docs/archive/2025-10/tier-completion
/home/uday/Downloads/pragati_ros2/docs/INDEX.md,/home/uday/Downloads/pragati_ros2/docs/archive/INDEX.md
/home/uday/Downloads/pragati_ros2/docs/CONSOLIDATION_LOG.md,/home/uday/Downloads/pragati_ros2/docs/archive/2025-10/consolidation-meta/CONSOLIDATION_LOG_2025-10-Phase1.md
/home/uday/Downloads/pragati_ros2/docs/CONSOLIDATION_LOG.md,/home/uday/Downloads/pragati_ros2/docs/status/STATUS_TRACKER.md
/home/uday/Downloads/pragati_ros2/docs/CONSOLIDATION_LOG.md,/home/uday/Downloads/pragati_ros2/docs/STATUS_REALITY_MATRIX.md
/home/uday/Downloads/pragati_ros2/docs/CONSOLIDATION_LOG.md,/home/uday/Downloads/pragati_ros2/docs/TODO_MASTER.md
/home/uday/Downloads/pragati_ros2/docs/CONSOLIDATION_LOG.md,/home/uday/Downloads/pragati_ros2/docs/status/STATUS_TRACKER.md
/home/uday/Downloads/pragati_ros2/docs/CONSOLIDATION_LOG.md,/home/uday/Downloads/pragati_ros2/docs/CLEANUP_PHASE2_SUMMARY.md
/home/uday/Downloads/pragati_ros2/docs/CONSOLIDATION_LOG.md,/home/uday/Downloads/pragati_ros2/docs/archive/2025-10/moves_2025-10-phase2.csv
/home/uday/Downloads/pragati_ros2/docs/CONSOLIDATION_LOG.md,/home/uday/Downloads/pragati_ros2/docs/archive/2025-10/consolidation-meta/CONSOLIDATION_LOG_2025-10-Phase1.md
/home/uday/Downloads/pragati_ros2/docs/CONSOLIDATION_LOG.md,/home/uday/Downloads/pragati_ros2/docs/archive/INDEX.md
/home/uday/Downloads/pragati_ros2/docs/CONSOLIDATION_LOG.md,/home/uday/Downloads/pragati_ros2/docs/INDEX.md
/home/uday/Downloads/pragati_ros2/docs/README.md,/home/uday/Downloads/pragati_ros2/docs/INDEX.md
/home/uday/Downloads/pragati_ros2/docs/README.md,/home/uday/Downloads/pragati_ros2/docs/START_HERE.md
/home/uday/Downloads/pragati_ros2/docs/README.md,/home/uday/Downloads/pragati_ros2/docs/production-system/01-SYSTEM_OVERVIEW.md
/home/uday/Downloads/pragati_ros2/docs/README.md,/home/uday/Downloads/pragati_ros2/docs/production-system/09-OPERATOR_GUIDE.md
/home/uday/Downloads/pragati_ros2/docs/README.md,/home/uday/Downloads/pragati_ros2/docs/production-system/01-SYSTEM_OVERVIEW.md
/home/uday/Downloads/pragati_ros2/docs/README.md,/home/uday/Downloads/pragati_ros2/docs/production-system/02-HARDWARE_ARCHITECTURE.md
/home/uday/Downloads/pragati_ros2/docs/README.md,/home/uday/Downloads/pragati_ros2/docs/production-system/03-COTTON_DETECTION.md
/home/uday/Downloads/pragati_ros2/docs/README.md,/home/uday/Downloads/pragati_ros2/docs/production-system/06-REALTIME_CONTROL.md
/home/uday/Downloads/pragati_ros2/docs/README.md,/home/uday/Downloads/pragati_ros2/docs/production-system/07-SAFETY_SYSTEMS.md
/home/uday/Downloads/pragati_ros2/docs/README.md,/home/uday/Downloads/pragati_ros2/docs/production-system/08-CONFIGURATION.md
/home/uday/Downloads/pragati_ros2/docs/README.md,/home/uday/Downloads/pragati_ros2/docs/production-system/09-OPERATOR_GUIDE.md
/home/uday/Downloads/pragati_ros2/docs/README.md,/home/uday/Downloads/pragati_ros2/docs/enhancements/PHASE_2_ROADMAP.md
/home/uday/Downloads/pragati_ros2/docs/README.md,/home/uday/Downloads/pragati_ros2/docs/production-system/03-COTTON_DETECTION.md
/home/uday/Downloads/pragati_ros2/docs/README.md,/home/uday/Downloads/pragati_ros2/docs/enhancements/PHASE_2_ROADMAP.md
/home/uday/Downloads/pragati_ros2/docs/README.md,/home/uday/Downloads/pragati_ros2/docs/production-system/01-SYSTEM_OVERVIEW.md
/home/uday/Downloads/pragati_ros2/docs/README.md,/home/uday/Downloads/pragati_ros2/docs/production-system/03-COTTON_DETECTION.md
/home/uday/Downloads/pragati_ros2/docs/README.md,/home/uday/Downloads/pragati_ros2/docs/production-system/06-REALTIME_CONTROL.md
/home/uday/Downloads/pragati_ros2/docs/README.md,/home/uday/Downloads/pragati_ros2/docs/production-system/08-CONFIGURATION.md
/home/uday/Downloads/pragati_ros2/docs/README.md,/home/uday/Downloads/pragati_ros2/docs/production-system/09-OPERATOR_GUIDE.md
/home/uday/Downloads/pragati_ros2/docs/README.md,/home/uday/Downloads/pragati_ros2/docs/production-system/02-HARDWARE_ARCHITECTURE.md
/home/uday/Downloads/pragati_ros2/docs/README.md,/home/uday/Downloads/pragati_ros2/docs/production-system/01-SYSTEM_OVERVIEW.md
/home/uday/Downloads/pragati_ros2/docs/README.md,/home/uday/Downloads/pragati_ros2/docs/enhancements/PHASE_2_ROADMAP.md
/home/uday/Downloads/pragati_ros2/docs/README.md,/home/uday/Downloads/pragati_ros2/docs/production-system/07-SAFETY_SYSTEMS.md
/home/uday/Downloads/pragati_ros2/docs/README.md,/home/uday/Downloads/pragati_ros2/docs/production-system/09-OPERATOR_GUIDE.md
/home/uday/Downloads/pragati_ros2/docs/CLEANUP_ROUND3_SUMMARY_2025-10-16.md,/home/uday/Downloads/pragati_ros2/docs/archive/2025-10/consolidation-meta/PHASE1_VERIFICATION_SUMMARY_2025-10-16.md
/home/uday/Downloads/pragati_ros2/docs/CLEANUP_ROUND3_SUMMARY_2025-10-16.md,/home/uday/Downloads/pragati_ros2/docs/archive/2025-10/consolidation-meta/CONTENT_INDEX_2025-10-16.tsv
/home/uday/Downloads/pragati_ros2/docs/CLEANUP_ROUND3_SUMMARY_2025-10-16.md,/home/uday/Downloads/pragati_ros2/docs/archive/2025-10/consolidation-meta/PRESERVATION_MAP_UNDERSCORE_2025-10-16.tsv
/home/uday/Downloads/pragati_ros2/docs/CLEANUP_ROUND3_SUMMARY_2025-10-16.md,/home/uday/Downloads/pragati_ros2/docs/CLEANUP_PHASE2_SUMMARY.md
/home/uday/Downloads/pragati_ros2/docs/status/STATUS_TRACKER.md,/home/uday/Downloads/pragati_ros2/src/motor_control_ros2/README.md
/home/uday/Downloads/pragati_ros2/docs/status/STATUS_TRACKER.md,/home/uday/Downloads/pragati_ros2/docs/TODO_MASTER.md
/home/uday/Downloads/pragati_ros2/docs/status/STATUS_TRACKER.md,/home/uday/Downloads/pragati_ros2/src/cotton_detection_ros2/README.md
/home/uday/Downloads/pragati_ros2/docs/status/STATUS_TRACKER.md,/home/uday/Downloads/pragati_ros2/docs/TODO_MASTER.md
/home/uday/Downloads/pragati_ros2/docs/status/STATUS_TRACKER.md,/home/uday/Downloads/pragati_ros2/src/yanthra_move/README.md
/home/uday/Downloads/pragati_ros2/docs/status/STATUS_TRACKER.md,/home/uday/Downloads/pragati_ros2/docs/TODO_MASTER.md
/home/uday/Downloads/pragati_ros2/docs/status/STATUS_TRACKER.md,/home/uday/Downloads/pragati_ros2/src/vehicle_control/README.md
/home/uday/Downloads/pragati_ros2/docs/status/STATUS_TRACKER.md,/home/uday/Downloads/pragati_ros2/src/robot_description/README.md
/home/uday/Downloads/pragati_ros2/docs/status/STATUS_TRACKER.md,/home/uday/Downloads/pragati_ros2/docs/TODO_MASTER.md
/home/uday/Downloads/pragati_ros2/docs/status/STATUS_TRACKER.md,/home/uday/Downloads/pragati_ros2/docs/archive/2025-10/motor_control
/home/uday/Downloads/pragati_ros2/docs/status/STATUS_TRACKER.md,/home/uday/Downloads/pragati_ros2/docs/archive/2025-10/cotton_detection
/home/uday/Downloads/pragati_ros2/docs/status/STATUS_TRACKER.md,/home/uday/Downloads/pragati_ros2/docs/archive/2025-10/yanthra_move
/home/uday/Downloads/pragati_ros2/docs/status/STATUS_TRACKER.md,/home/uday/Downloads/pragati_ros2/docs/evidence/2025-10-15
/home/uday/Downloads/pragati_ros2/docs/status/STATUS_TRACKER.md,/home/uday/Downloads/pragati_ros2/docs/TODO_MASTER.md
/home/uday/Downloads/pragati_ros2/docs/status/STATUS_TRACKER.md,/home/uday/Downloads/pragati_ros2/docs/STATUS_REALITY_MATRIX.md
/home/uday/Downloads/pragati_ros2/docs/status/STATUS_TRACKER.md,/home/uday/Downloads/pragati_ros2/docs/DOCUMENTATION_CONSOLIDATION_PLAN_2025-10-15.md
/home/uday/Downloads/pragati_ros2/docs/status/STATUS_TRACKER.md,/home/uday/Downloads/pragati_ros2/docs/CONSOLIDATION_LOG.md
/home/uday/Downloads/pragati_ros2/docs/status/STATUS_TRACKER.md,/home/uday/Downloads/pragati_ros2/docs/INDEX.md
/home/uday/Downloads/pragati_ros2/docs/archive/INDEX.md,/home/uday/Downloads/pragati_ros2/docs/archive/2025-10
/home/uday/Downloads/pragati_ros2/docs/archive/INDEX.md,/home/uday/Downloads/pragati_ros2/docs/archive/2025-10
/home/uday/Downloads/pragati_ros2/docs/archive/INDEX.md,/home/uday/Downloads/pragati_ros2/docs/archive/2025-10-audit
/home/uday/Downloads/pragati_ros2/docs/archive/INDEX.md,/home/uday/Downloads/pragati_ros2/docs/archive/2025-10-analysis
/home/uday/Downloads/pragati_ros2/docs/archive/INDEX.md,/home/uday/Downloads/pragati_ros2/docs/archive/2025-10-phases
/home/uday/Downloads/pragati_ros2/docs/archive/INDEX.md,/home/uday/Downloads/pragati_ros2/docs/archive/2025-10-sessions
/home/uday/Downloads/pragati_ros2/docs/archive/INDEX.md,/home/uday/Downloads/pragati_ros2/docs/archive/2025-10-test-results
/home/uday/Downloads/pragati_ros2/docs/archive/INDEX.md,/home/uday/Downloads/pragati_ros2/docs/archive/2025-10-validation
/home/uday/Downloads/pragati_ros2/docs/archive/INDEX.md,/home/uday/Downloads/pragati_ros2/docs/archive/2025-10/motor_control
/home/uday/Downloads/pragati_ros2/docs/archive/INDEX.md,/home/uday/Downloads/pragati_ros2/docs/archive/2025-10/motor_control/INDEX.md
/home/uday/Downloads/pragati_ros2/docs/archive/INDEX.md,/home/uday/Downloads/pragati_ros2/src/motor_control_ros2/README.md
/home/uday/Downloads/pragati_ros2/docs/archive/INDEX.md,/home/uday/Downloads/pragati_ros2/docs/archive/2025-10/cotton_detection
/home/uday/Downloads/pragati_ros2/docs/archive/INDEX.md,/home/uday/Downloads/pragati_ros2/src/cotton_detection_ros2/README.md
/home/uday/Downloads/pragati_ros2/docs/archive/INDEX.md,/home/uday/Downloads/pragati_ros2/docs/archive/2025-10/yanthra_move
/home/uday/Downloads/pragati_ros2/docs/archive/INDEX.md,/home/uday/Downloads/pragati_ros2/src/yanthra_move/README.md
/home/uday/Downloads/pragati_ros2/docs/archive/INDEX.md,/home/uday/Downloads/pragati_ros2/docs/archive/2025-10/phase-completion
/home/uday/Downloads/pragati_ros2/docs/archive/INDEX.md,/home/uday/Downloads/pragati_ros2/docs/status/STATUS_TRACKER.md
/home/uday/Downloads/pragati_ros2/docs/archive/INDEX.md,/home/uday/Downloads/pragati_ros2/docs/archive/2025-10/tier-completion
/home/uday/Downloads/pragati_ros2/docs/archive/INDEX.md,/home/uday/Downloads/pragati_ros2/docs/status/STATUS_TRACKER.md
/home/uday/Downloads/pragati_ros2/docs/archive/INDEX.md,/home/uday/Downloads/pragati_ros2/docs/archive/2025-10-audit/2025-10-07
/home/uday/Downloads/pragati_ros2/docs/archive/INDEX.md,/home/uday/Downloads/pragati_ros2/docs/archive/2025-10-audit/2025-10-14
/home/uday/Downloads/pragati_ros2/docs/archive/INDEX.md,/home/uday/Downloads/pragati_ros2/docs/archive/2025-10-analysis
/home/uday/Downloads/pragati_ros2/docs/archive/INDEX.md,/home/uday/Downloads/pragati_ros2/docs/archive/2025-10-analysis/ros1_vs_ros2_comparison
/home/uday/Downloads/pragati_ros2/docs/archive/INDEX.md,/home/uday/Downloads/pragati_ros2/docs/archive/2025-10-test-results
/home/uday/Downloads/pragati_ros2/docs/archive/INDEX.md,/home/uday/Downloads/pragati_ros2/docs/archive/2025-10-validation
/home/uday/Downloads/pragati_ros2/docs/archive/INDEX.md,/home/uday/Downloads/pragati_ros2/docs/archive
/home/uday/Downloads/pragati_ros2/docs/archive/INDEX.md,/home/uday/Downloads/pragati_ros2/docs/archive/2025-10/motor_control
/home/uday/Downloads/pragati_ros2/docs/archive/INDEX.md,/home/uday/Downloads/pragati_ros2/docs/archive/2025-10-audit/2025-10-14/ODRIVE_LEGACY_AUDIT.md
/home/uday/Downloads/pragati_ros2/docs/archive/INDEX.md,/home/uday/Downloads/pragati_ros2/docs/archive/2025-10-test-results
/home/uday/Downloads/pragati_ros2/docs/archive/INDEX.md,/home/uday/Downloads/pragati_ros2/docs/archive/2025-10/cotton_detection
/home/uday/Downloads/pragati_ros2/docs/archive/INDEX.md,/home/uday/Downloads/pragati_ros2/docs/archive/2025-10-analysis/COTTON_DETECTION_DEEP_DIVE.md
/home/uday/Downloads/pragati_ros2/docs/archive/INDEX.md,/home/uday/Downloads/pragati_ros2/docs/archive/2025-10-analysis/COTTON_DETECTION_SENIOR_CODE_REVIEW.md
/home/uday/Downloads/pragati_ros2/docs/archive/INDEX.md,/home/uday/Downloads/pragati_ros2/docs/archive/2025-10/phase-completion
/home/uday/Downloads/pragati_ros2/docs/archive/INDEX.md,/home/uday/Downloads/pragati_ros2/docs/archive/2025-10/tier-completion
/home/uday/Downloads/pragati_ros2/docs/archive/INDEX.md,/home/uday/Downloads/pragati_ros2/docs/status/STATUS_TRACKER.md
/home/uday/Downloads/pragati_ros2/docs/archive/INDEX.md,/home/uday/Downloads/pragati_ros2/docs/STATUS_REALITY_MATRIX.md
/home/uday/Downloads/pragati_ros2/docs/archive/INDEX.md,/home/uday/Downloads/pragati_ros2/docs/archive/2025-10-audit
/home/uday/Downloads/pragati_ros2/docs/archive/INDEX.md,/home/uday/Downloads/pragati_ros2/docs/archive/2025-10-validation
/home/uday/Downloads/pragati_ros2/docs/archive/INDEX.md,/home/uday/Downloads/pragati_ros2/docs/DOCUMENTATION_CONSOLIDATION_PLAN_2025-10-15.md
/home/uday/Downloads/pragati_ros2/docs/archive/INDEX.md,/home/uday/Downloads/pragati_ros2/docs/CONSOLIDATION_LOG.md
/home/uday/Downloads/pragati_ros2/docs/archive/INDEX.md,/home/uday/Downloads/pragati_ros2/docs/CONSOLIDATION_MAP.md
/home/uday/Downloads/pragati_ros2/docs/archive/INDEX.md,/home/uday/Downloads/pragati_ros2/docs/TODO_MASTER.md
/home/uday/Downloads/pragati_ros2/docs/archive/INDEX.md,/home/uday/Downloads/pragati_ros2/docs/status/STATUS_TRACKER.md
/home/uday/Downloads/pragati_ros2/docs/archive/INDEX.md,/home/uday/Downloads/pragati_ros2/docs/INDEX.md
/home/uday/Downloads/pragati_ros2/docs/project-management/DOCUMENTATION_REORGANIZATION_PLAN.md,/home/uday/Downloads/pragati_ros2/docs/project-management/.*.md
/home/uday/Downloads/pragati_ros2/docs/enhancements/PHASE_2_ROADMAP.md,/home/uday/Downloads/pragati_ros2/docs/README.md
/home/uday/Downloads/pragati_ros2/docs/enhancements/PHASE_2_ROADMAP.md,/home/uday/Downloads/pragati_ros2/docs/production-system/03-COTTON_DETECTION.md
/home/uday/Downloads/pragati_ros2/docs/enhancements/PHASE_2_ROADMAP.md,/home/uday/Downloads/pragati_ros2/docs/enhancements/MULTI_COTTON_DETECTION.md
/home/uday/Downloads/pragati_ros2/docs/enhancements/PHASE_2_ROADMAP.md,/home/uday/Downloads/pragati_ros2/docs/enhancements/CONTINUOUS_OPERATION.md
/home/uday/Downloads/pragati_ros2/docs/enhancements/PHASE_2_ROADMAP.md,/home/uday/Downloads/pragati_ros2/docs/enhancements/AUTONOMOUS_NAVIGATION.md
/home/uday/Downloads/pragati_ros2/docs/production-system/09-OPERATOR_GUIDE.md,/home/uday/Downloads/pragati_ros2/docs/README.md
/home/uday/Downloads/pragati_ros2/docs/production-system/08-CONFIGURATION.md,/home/uday/Downloads/pragati_ros2/docs/README.md
/home/uday/Downloads/pragati_ros2/docs/production-system/07-SAFETY_SYSTEMS.md,/home/uday/Downloads/pragati_ros2/docs/README.md
/home/uday/Downloads/pragati_ros2/docs/production-system/01-SYSTEM_OVERVIEW.md,/home/uday/Downloads/pragati_ros2/docs/README.md
/home/uday/Downloads/pragati_ros2/docs/production-system/03-COTTON_DETECTION.md,/home/uday/Downloads/pragati_ros2/docs/README.md
/home/uday/Downloads/pragati_ros2/docs/production-system/02-HARDWARE_ARCHITECTURE.md,/home/uday/Downloads/pragati_ros2/docs/README.md
/home/uday/Downloads/pragati_ros2/docs/production-system/06-REALTIME_CONTROL.md,/home/uday/Downloads/pragati_ros2/docs/README.md
/home/uday/Downloads/pragati_ros2/docs/guides/UNIT_TEST_GUIDE.md,/home/uday/Downloads/pragati_ros2/docs/guides/const auto& msg
/home/uday/Downloads/pragati_ros2/docs/guides/UNIT_TEST_GUIDE.md,/home/uday/Downloads/pragati_ros2/src/motor_control_ros2/README.md
/home/uday/Downloads/pragati_ros2/docs/guides/UNIT_TEST_GUIDE.md,/home/uday/Downloads/pragati_ros2/src/cotton_detection_ros2/README.md
/home/uday/Downloads/pragati_ros2/docs/guides/UNIT_TEST_GUIDE.md,/home/uday/Downloads/pragati_ros2/docs/guides/TROUBLESHOOTING.md
/home/uday/Downloads/pragati_ros2/docs/guides/TROUBLESHOOTING.md,/home/uday/Downloads/pragati_ros2/docs/guides/MOTOR_TUNING_GUIDE.md
/home/uday/Downloads/pragati_ros2/docs/guides/TROUBLESHOOTING.md,/home/uday/Downloads/pragati_ros2/src/motor_control_ros2/README.md
/home/uday/Downloads/pragati_ros2/docs/guides/TROUBLESHOOTING.md,/home/uday/Downloads/pragati_ros2/src/cotton_detection_ros2/README.md
/home/uday/Downloads/pragati_ros2/docs/guides/TROUBLESHOOTING.md,/home/uday/Downloads/pragati_ros2/src/yanthra_move/README.md
/home/uday/Downloads/pragati_ros2/docs/guides/TROUBLESHOOTING.md,/home/uday/Downloads/pragati_ros2/docs/guides/MOTOR_TUNING_GUIDE.md
/home/uday/Downloads/pragati_ros2/docs/guides/TROUBLESHOOTING.md,/home/uday/Downloads/pragati_ros2/docs/TODO_MASTER.md
/home/uday/Downloads/pragati_ros2/docs/guides/TROUBLESHOOTING.md,/home/uday/Downloads/pragati_ros2/docs/status/STATUS_TRACKER.md
/home/uday/Downloads/pragati_ros2/docs/guides/PERFORMANCE_OPTIMIZATION_IMPLEMENTATION.md,/home/uday/Downloads/pragati_ros2/docs/guides/std::vector<YOLODetector::DetectedCotton> detections
/home/uday/Downloads/pragati_ros2/docs/architecture/SYSTEM_ARCHITECTURE.md,/home/uday/Downloads/pragati_ros2/src/motor_control_ros2/README.md
/home/uday/Downloads/pragati_ros2/docs/architecture/SYSTEM_ARCHITECTURE.md,/home/uday/Downloads/pragati_ros2/src/cotton_detection_ros2/README.md
/home/uday/Downloads/pragati_ros2/docs/architecture/SYSTEM_ARCHITECTURE.md,/home/uday/Downloads/pragati_ros2/src/yanthra_move/README.md
/home/uday/Downloads/pragati_ros2/docs/architecture/SYSTEM_ARCHITECTURE.md,/home/uday/Downloads/pragati_ros2/docs/guides/MOTOR_TUNING_GUIDE.md
/home/uday/Downloads/pragati_ros2/docs/architecture/SYSTEM_ARCHITECTURE.md,/home/uday/Downloads/pragati_ros2/docs/guides/TROUBLESHOOTING.md
/home/uday/Downloads/pragati_ros2/docs/architecture/SYSTEM_ARCHITECTURE.md,/home/uday/Downloads/pragati_ros2/docs/status/STATUS_TRACKER.md
/home/uday/Downloads/pragati_ros2/docs/architecture/SYSTEM_ARCHITECTURE.md,/home/uday/Downloads/pragati_ros2/docs/TODO_MASTER.md
/home/uday/Downloads/pragati_ros2/docs/archive/2025-10/todos_obsolete.md,/home/uday/Downloads/pragati_ros2/docs/architecture/SYSTEM_ARCHITECTURE.md
/home/uday/Downloads/pragati_ros2/docs/archive/2025-10/todos_obsolete.md,/home/uday/Downloads/pragati_ros2/docs/archive/2025-10-audit/2025-10-14/todo_inventory.csv
/home/uday/Downloads/pragati_ros2/docs/archive/2025-10/todos_obsolete.md,/home/uday/Downloads/pragati_ros2/docs/archive/2025-10-audit/2025-10-14/todo_full_raw.txt
/home/uday/Downloads/pragati_ros2/docs/archive/2025-10/todos_obsolete.md,/home/uday/Downloads/pragati_ros2/docs/TODO_CONSOLIDATED.md
/home/uday/Downloads/pragati_ros2/docs/archive/2025-10/todos_obsolete.md,/home/uday/Downloads/pragati_ros2/docs/TODO_MASTER.md
/home/uday/Downloads/pragati_ros2/docs/archive/2025-10/todos_obsolete.md,/home/uday/Downloads/pragati_ros2/docs/archive/2025-10/todos_completed.md
/home/uday/Downloads/pragati_ros2/docs/archive/2025-10/todos_completed.md,/home/uday/Downloads/pragati_ros2/docs/archive/evidence/2025-10-15/SAFETY_MONITOR_IMPLEMENTATION_COMPLETE.md
/home/uday/Downloads/pragati_ros2/docs/archive/2025-10/todos_completed.md,/home/uday/Downloads/pragati_ros2/docs/src/cotton_detection_ros2/README.md
/home/uday/Downloads/pragati_ros2/docs/archive/2025-10/todos_completed.md,/home/uday/Downloads/pragati_ros2/docs/archive/CONSOLIDATION_COMPLETE.md
/home/uday/Downloads/pragati_ros2/docs/archive/2025-10/todos_completed.md,/home/uday/Downloads/pragati_ros2/docs/archive/CONSOLIDATION_LOG.md
/home/uday/Downloads/pragati_ros2/docs/archive/2025-10/todos_completed.md,/home/uday/Downloads/pragati_ros2/docs/archive/2025-10/INDEX.md
/home/uday/Downloads/pragati_ros2/docs/archive/2025-10/todos_completed.md,/home/uday/Downloads/pragati_ros2/docs/guides/SAFETY_MONITOR_INTEGRATION_GUIDE.md
/home/uday/Downloads/pragati_ros2/docs/archive/2025-10/todos_completed.md,/home/uday/Downloads/pragati_ros2/docs/archive/2025-10-audit/2025-10-14/todo_inventory.csv
/home/uday/Downloads/pragati_ros2/docs/archive/2025-10/todos_completed.md,/home/uday/Downloads/pragati_ros2/docs/archive/2025-10-audit/2025-10-14/todo_full_raw.txt
/home/uday/Downloads/pragati_ros2/docs/archive/2025-10/todos_completed.md,/home/uday/Downloads/pragati_ros2/docs/TODO_CONSOLIDATED.md
/home/uday/Downloads/pragati_ros2/docs/archive/2025-10/todos_completed.md,/home/uday/Downloads/pragati_ros2/docs/TODO_MASTER.md
/home/uday/Downloads/pragati_ros2/docs/archive/2025-10/todos_completed.md,/home/uday/Downloads/pragati_ros2/docs/status/STATUS_TRACKER.md
/home/uday/Downloads/pragati_ros2/docs/archive/2025-10-analysis/ros1_vs_ros2_comparison/FINAL_REPORT.md,/home/uday/Downloads/pragati_ros2/docs/archive/2025-10-analysis/safety_validation.md
/home/uday/Downloads/pragati_ros2/docs/archive/2025-10-analysis/ros1_vs_ros2_comparison/FINAL_REPORT.md,/home/uday/Downloads/pragati_ros2/docs/archive/2025-10-analysis/config_management_comparison.md
/home/uday/Downloads/pragati_ros2/docs/archive/2025-10-analysis/ros1_vs_ros2_comparison/FINAL_REPORT.md,/home/uday/Downloads/pragati_ros2/docs/archive/2025-10-analysis/threading_performance_assessment.md
/home/uday/Downloads/pragati_ros2/docs/archive/2025-10-analysis/ros1_vs_ros2_comparison/FINAL_REPORT.md,/home/uday/Downloads/pragati_ros2/docs/archive/2025-10-analysis/logging_monitoring_comparison.md
/home/uday/Downloads/pragati_ros2/docs/archive/2025-10-analysis/ros1_vs_ros2_comparison/FINAL_REPORT.md,/home/uday/Downloads/pragati_ros2/docs/archive/2025-10-analysis/ros2_improvements_validated.md
/home/uday/Downloads/pragati_ros2/docs/archive/2025-10-analysis/ros1_vs_ros2_comparison/FINAL_REPORT.md,/home/uday/Downloads/pragati_ros2/docs/archive/2025-10-analysis/production_readiness.md
/home/uday/Downloads/pragati_ros2/docs/archive/2025-10-analysis/ros1_vs_ros2_comparison/FINAL_REPORT.md,/home/uday/Downloads/pragati_ros2/docs/archive/2025-10-analysis/recommendations.md
/home/uday/Downloads/pragati_ros2/docs/archive/2025-10-analysis/ros1_vs_ros2_comparison/FINAL_REPORT.md,/home/uday/Downloads/pragati_ros2/docs/archive/2025-10-analysis/preflight_checklist.md
/home/uday/Downloads/pragati_ros2/docs/archive/2025-10-analysis/ros1_vs_ros2_comparison/FINAL_REPORT.md,/home/uday/Downloads/pragati_ros2/docs/archive/2025-10-analysis/safety_gap_matrix.csv
/home/uday/Downloads/pragati_ros2/docs/archive/2025-10-analysis/ros1_vs_ros2_comparison/FINAL_REPORT.md,/home/uday/Downloads/pragati_ros2/docs/archive/2025-10-analysis/ros2_parameters_recommended.yaml
/home/uday/Downloads/pragati_ros2/docs/archive/2025-10-analysis/ros1_vs_ros2_comparison/FINAL_REPORT.md,/home/uday/Downloads/pragati_ros2/docs/archive/2025-10-analysis/documentation_consolidation_report.md
/home/uday/Downloads/pragati_ros2/docs/archive/2025-10-analysis/ros1_vs_ros2_comparison/README.md,/home/uday/Downloads/pragati_ros2/docs/archive/2025-10-analysis/ros1_vs_ros2_comparison/FINAL_REPORT.md
/home/uday/Downloads/pragati_ros2/docs/archive/2025-10-analysis/ros1_vs_ros2_comparison/README.md,/home/uday/Downloads/pragati_ros2/docs/archive/2025-10-analysis/ros1_vs_ros2_comparison/architecture_comparison.md
/home/uday/Downloads/pragati_ros2/docs/archive/2025-10-analysis/ros1_vs_ros2_comparison/README.md,/home/uday/Downloads/pragati_ros2/docs/archive/2025-10-analysis/ros1_vs_ros2_comparison/hardware_interface_comparison.md
/home/uday/Downloads/pragati_ros2/docs/archive/2025-10-analysis/ros1_vs_ros2_comparison/README.md,/home/uday/Downloads/pragati_ros2/docs/archive/2025-10-analysis/ros1_vs_ros2_comparison/threading_performance_assessment.md
/home/uday/Downloads/pragati_ros2/docs/archive/2025-10-analysis/ros1_vs_ros2_comparison/README.md,/home/uday/Downloads/pragati_ros2/docs/archive/2025-10-analysis/ros1_vs_ros2_comparison/motor_control_comparison.md
/home/uday/Downloads/pragati_ros2/docs/archive/2025-10-analysis/ros1_vs_ros2_comparison/README.md,/home/uday/Downloads/pragati_ros2/docs/archive/2025-10-analysis/ros1_vs_ros2_comparison/detection_comparison.md
/home/uday/Downloads/pragati_ros2/docs/archive/2025-10-analysis/ros1_vs_ros2_comparison/README.md,/home/uday/Downloads/pragati_ros2/docs/archive/2025-10-analysis/ros1_vs_ros2_comparison/config_management_comparison.md
/home/uday/Downloads/pragati_ros2/docs/archive/2025-10-analysis/ros1_vs_ros2_comparison/README.md,/home/uday/Downloads/pragati_ros2/docs/archive/2025-10-analysis/ros1_vs_ros2_comparison/production_readiness.md
/home/uday/Downloads/pragati_ros2/docs/archive/2025-10-analysis/ros1_vs_ros2_comparison/README.md,/home/uday/Downloads/pragati_ros2/docs/archive/2025-10-analysis/ros1_vs_ros2_comparison/safety_validation.md
/home/uday/Downloads/pragati_ros2/docs/archive/2025-10-analysis/ros1_vs_ros2_comparison/README.md,/home/uday/Downloads/pragati_ros2/docs/archive/2025-10-analysis/ros1_vs_ros2_comparison/logging_monitoring_comparison.md
/home/uday/Downloads/pragati_ros2/docs/archive/2025-10-analysis/ros1_vs_ros2_comparison/README.md,/home/uday/Downloads/pragati_ros2/docs/archive/2025-10-analysis/ros1_vs_ros2_comparison/recommendations.md
/home/uday/Downloads/pragati_ros2/docs/archive/2025-10-analysis/ros1_vs_ros2_comparison/README.md,/home/uday/Downloads/pragati_ros2/docs/archive/2025-10-analysis/ros1_vs_ros2_comparison/preflight_checklist.md
/home/uday/Downloads/pragati_ros2/docs/archive/2025-10-analysis/ros1_vs_ros2_comparison/README.md,/home/uday/Downloads/pragati_ros2/docs/archive/2025-10-analysis/ros1_vs_ros2_comparison/ros2_improvements_validated.md
/home/uday/Downloads/pragati_ros2/docs/archive/2025-10-analysis/ros1_vs_ros2_comparison/README.md,/home/uday/Downloads/pragati_ros2/docs/archive/2025-10-analysis/ros1_vs_ros2_comparison/implementation_achievements.md
/home/uday/Downloads/pragati_ros2/docs/archive/2025-10-analysis/ros1_vs_ros2_comparison/README.md,/home/uday/Downloads/pragati_ros2/docs/archive/2025-10-analysis/ros1_vs_ros2_comparison/ros1_vs_ros2_comprehensive_analysis.md
/home/uday/Downloads/pragati_ros2/docs/archive/2025-10-analysis/ros1_vs_ros2_comparison/README.md,/home/uday/Downloads/pragati_ros2/docs/archive/2025-10-analysis/ros1_vs_ros2_comparison/config_alignment_table.csv
/home/uday/Downloads/pragati_ros2/docs/archive/2025-10-analysis/ros1_vs_ros2_comparison/README.md,/home/uday/Downloads/pragati_ros2/docs/archive/2025-10-analysis/ros1_vs_ros2_comparison/ros1_vs_ros2_gap_matrix.csv
/home/uday/Downloads/pragati_ros2/docs/archive/2025-10-analysis/ros1_vs_ros2_comparison/README.md,/home/uday/Downloads/pragati_ros2/docs/archive/2025-10-analysis/ros1_vs_ros2_comparison/ros1_vs_ros2_performance_data.csv
/home/uday/Downloads/pragati_ros2/docs/archive/2025-10-analysis/ros1_vs_ros2_comparison/README.md,/home/uday/Downloads/pragati_ros2/docs/archive/2025-10-analysis/ros1_vs_ros2_comparison/safety_gap_matrix.csv
/home/uday/Downloads/pragati_ros2/docs/archive/2025-10-analysis/ros1_vs_ros2_comparison/README.md,/home/uday/Downloads/pragati_ros2/docs/archive/2025-10-analysis/ros1_vs_ros2_comparison/ros2_parameters_recommended.yaml
/home/uday/Downloads/pragati_ros2/docs/archive/2025-10-analysis/ros1_vs_ros2_comparison/README.md,/home/uday/Downloads/pragati_ros2/docs/archive/2025-10-analysis/ros1_vs_ros2_comparison/MAINTENANCE.md
/home/uday/Downloads/pragati_ros2/docs/archive/2025-10-analysis/ros1_vs_ros2_comparison/README.md,/home/uday/Downloads/pragati_ros2/docs/archive/2025-10-analysis/ros1_vs_ros2_comparison/FINAL_REPORT.md
/home/uday/Downloads/pragati_ros2/docs/archive/2025-10-analysis/ros1_vs_ros2_comparison/MAINTENANCE.md,/home/uday/Downloads/pragati_ros2/docs/archive/2025-10-analysis/analysis/ros1_vs_ros2_comparison/README.md
/home/uday/Downloads/pragati_ros2/docs/archive/2025-10-analysis/ros1_vs_ros2_comparison/MAINTENANCE.md,/home/uday/Downloads/pragati_ros2/docs/archive/2025-10-analysis/analysis/ros1_vs_ros2_comparison/[relevant_file].md
/home/uday/Downloads/pragati_ros2/docs/archive/2025-10-analysis/ros1_vs_ros2_comparison/MAINTENANCE.md,/home/uday/Downloads/pragati_ros2/docs/archive/2025-10-analysis/analysis/ros1_vs_ros2_comparison/README.md
/home/uday/Downloads/pragati_ros2/docs/archive/2025-10-analysis/ros1_vs_ros2_comparison/MAINTENANCE.md,/home/uday/Downloads/pragati_ros2/docs/archive/2025-10-analysis/analysis/ros1_vs_ros2_comparison/threading_performance_assessment.md
/home/uday/Downloads/pragati_ros2/docs/archive/2025-10-analysis/ros1_vs_ros2_comparison/MAINTENANCE.md,/home/uday/Downloads/pragati_ros2/docs/archive/2025-10-analysis/analysis/ros1_vs_ros2_comparison/[relevant_file].md
/home/uday/Downloads/pragati_ros2/docs/archive/2025-10-analysis/ros1_vs_ros2_comparison/MAINTENANCE.md,/home/uday/Downloads/pragati_ros2/docs/archive/2025-10-analysis/ros1_vs_ros2_comparison/link to other related reports
/home/uday/Downloads/pragati_ros2/docs/archive/2025-10-15/originals/project-management/DOCUMENTATION_REORGANIZATION_PLAN.md,/home/uday/Downloads/pragati_ros2/docs/archive/2025-10-15/originals/project-management/.*.md
/home/uday/Downloads/pragati_ros2/docs/archive/2025-10-15/originals/enhancements/PHASE_2_ROADMAP.md,/home/uday/Downloads/pragati_ros2/docs/archive/2025-10-15/originals/README.md
/home/uday/Downloads/pragati_ros2/docs/archive/2025-10-15/originals/enhancements/PHASE_2_ROADMAP.md,/home/uday/Downloads/pragati_ros2/docs/archive/2025-10-15/originals/production-system/03-COTTON_DETECTION.md
/home/uday/Downloads/pragati_ros2/docs/archive/2025-10-15/originals/enhancements/PHASE_2_ROADMAP.md,/home/uday/Downloads/pragati_ros2/docs/archive/2025-10-15/originals/enhancements/MULTI_COTTON_DETECTION.md
/home/uday/Downloads/pragati_ros2/docs/archive/2025-10-15/originals/enhancements/PHASE_2_ROADMAP.md,/home/uday/Downloads/pragati_ros2/docs/archive/2025-10-15/originals/enhancements/CONTINUOUS_OPERATION.md
/home/uday/Downloads/pragati_ros2/docs/archive/2025-10-15/originals/enhancements/PHASE_2_ROADMAP.md,/home/uday/Downloads/pragati_ros2/docs/archive/2025-10-15/originals/enhancements/AUTONOMOUS_NAVIGATION.md
/home/uday/Downloads/pragati_ros2/docs/archive/2025-10-15/originals/production-system/01-SYSTEM_OVERVIEW.md,/home/uday/Downloads/pragati_ros2/docs/archive/2025-10-15/originals/README.md
/home/uday/Downloads/pragati_ros2/docs/archive/2025-10/completion-reports/ALL_NO_HARDWARE_TASKS_COMPLETE.md,/home/uday/Downloads/pragati_ros2/docs/archive/2025-10/completion-reports/TODO_MASTER.md
/home/uday/Downloads/pragati_ros2/docs/archive/2025-10/completion-reports/ALL_NO_HARDWARE_TASKS_COMPLETE.md,/home/uday/Downloads/pragati_ros2/docs/archive/2025-10/completion-reports/status/STATUS_TRACKER.md
/home/uday/Downloads/pragati_ros2/docs/archive/2025-10/completion-reports/ALL_NO_HARDWARE_TASKS_COMPLETE.md,/home/uday/Downloads/pragati_ros2/docs/archive/2025-10/completion-reports/CONSOLIDATION_LOG.md
/home/uday/Downloads/pragati_ros2/docs/archive/2025-10/completion-reports/ALL_NO_HARDWARE_TASKS_COMPLETE.md,/home/uday/Downloads/pragati_ros2/docs/archive/2025-10/completion-reports/guides/MOTOR_TUNING_GUIDE.md
/home/uday/Downloads/pragati_ros2/docs/archive/2025-10/completion-reports/ALL_NO_HARDWARE_TASKS_COMPLETE.md,/home/uday/Downloads/pragati_ros2/docs/archive/2025-10/completion-reports/guides/TROUBLESHOOTING.md
/home/uday/Downloads/pragati_ros2/docs/archive/2025-10/completion-reports/ALL_NO_HARDWARE_TASKS_COMPLETE.md,/home/uday/Downloads/pragati_ros2/docs/archive/2025-10/completion-reports/architecture/SYSTEM_ARCHITECTURE.md
/home/uday/Downloads/pragati_ros2/docs/archive/2025-10/completion-reports/ALL_NO_HARDWARE_TASKS_COMPLETE.md,/home/uday/Downloads/pragati_ros2/docs/archive/2025-10/completion-reports/archive/2025-10/todos_completed.md
/home/uday/Downloads/pragati_ros2/docs/archive/2025-10/completion-reports/ALL_NO_HARDWARE_TASKS_COMPLETE.md,/home/uday/Downloads/pragati_ros2/docs/archive/2025-10/completion-reports/archive/2025-10/todos_obsolete.md
/home/uday/Downloads/pragati_ros2/docs/archive/2025-10/completion-reports/ALL_NO_HARDWARE_TASKS_COMPLETE.md,/home/uday/Downloads/pragati_ros2/docs/archive/2025-10/completion-reports/DATE_INCONSISTENCIES_RESOLVED.md
/home/uday/Downloads/pragati_ros2/docs/archive/2025-10/completion-reports/ALL_NO_HARDWARE_TASKS_COMPLETE.md,/home/uday/Downloads/pragati_ros2/docs/archive/2025-10/examples/README.md
/home/uday/Downloads/pragati_ros2/docs/archive/2025-10/completion-reports/DATE_INCONSISTENCIES_RESOLVED.md,/home/uday/Downloads/pragati_ros2/docs/archive/2025-10/completion-reports/TODO_MASTER.md
/home/uday/Downloads/pragati_ros2/docs/archive/2025-10/completion-reports/DATE_INCONSISTENCIES_RESOLVED.md,/home/uday/Downloads/pragati_ros2/docs/archive/2025-10/completion-reports/status/STATUS_TRACKER.md
/home/uday/Downloads/pragati_ros2/docs/archive/2025-10/completion-reports/DATE_INCONSISTENCIES_RESOLVED.md,/home/uday/Downloads/pragati_ros2/docs/archive/2025-10/completion-reports/CONSOLIDATION_LOG.md
/home/uday/Downloads/pragati_ros2/docs/archive/2025-10/completion-reports/MODULAR_DOCUMENTATION_SUMMARY.md,/home/uday/Downloads/pragati_ros2/docs/archive/2025-10/completion-reports/README.md
/home/uday/Downloads/pragati_ros2/docs/archive/2025-10/completion-reports/README.md,/home/uday/Downloads/pragati_ros2/docs/status/STATUS_TRACKER.md
/home/uday/Downloads/pragati_ros2/docs/archive/2025-10/completion-reports/README.md,/home/uday/Downloads/pragati_ros2/docs/STATUS_REALITY_MATRIX.md
/home/uday/Downloads/pragati_ros2/docs/archive/2025-10/completion-reports/README.md,/home/uday/Downloads/pragati_ros2/docs/TODO_MASTER.md
/home/uday/Downloads/pragati_ros2/docs/archive/2025-10/completion-reports/README.md,/home/uday/Downloads/pragati_ros2/docs/INDEX.md
/home/uday/Downloads/pragati_ros2/docs/archive/2025-10/completion-reports/README.md,/home/uday/Downloads/pragati_ros2/docs/archive/INDEX.md
/home/uday/Downloads/pragati_ros2/docs/archive/2025-10/completion-reports/NO_HARDWARE_TASKS_COMPLETE.md,/home/uday/Downloads/pragati_ros2/docs/archive/2025-10/completion-reports/TODO_MASTER.md
/home/uday/Downloads/pragati_ros2/docs/archive/2025-10/completion-reports/NO_HARDWARE_TASKS_COMPLETE.md,/home/uday/Downloads/pragati_ros2/docs/archive/2025-10/completion-reports/status/STATUS_TRACKER.md
/home/uday/Downloads/pragati_ros2/docs/archive/2025-10/completion-reports/NO_HARDWARE_TASKS_COMPLETE.md,/home/uday/Downloads/pragati_ros2/docs/archive/2025-10/completion-reports/guides
/home/uday/Downloads/pragati_ros2/docs/archive/2025-10/completion-reports/NO_HARDWARE_TASKS_COMPLETE.md,/home/uday/Downloads/pragati_ros2/docs/archive/2025-10/examples
/home/uday/Downloads/pragati_ros2/docs/archive/2025-10/completion-reports/NO_HARDWARE_TASKS_COMPLETE.md,/home/uday/Downloads/pragati_ros2/docs/archive/2025-10/completion-reports/architecture
/home/uday/Downloads/pragati_ros2/docs/archive/2025-10/stakeholder-docs/README.md,/home/uday/Downloads/pragati_ros2/docs/STATUS_REALITY_MATRIX.md
/home/uday/Downloads/pragati_ros2/docs/archive/2025-10/stakeholder-docs/README.md,/home/uday/Downloads/pragati_ros2/docs/DOCUMENTATION_ORGANIZATION.md
/home/uday/Downloads/pragati_ros2/docs/archive/2025-10/stakeholder-docs/README.md,/home/uday/Downloads/pragati_ros2/docs/INDEX.md
/home/uday/Downloads/pragati_ros2/docs/archive/2025-10/stakeholder-docs/README.md,/home/uday/Downloads/pragati_ros2/docs/archive/INDEX.md
/home/uday/Downloads/pragati_ros2/docs/archive/2025-10/stakeholder-docs/README.md,/home/uday/Downloads/pragati_ros2/docs/status/STATUS_TRACKER.md
/home/uday/Downloads/pragati_ros2/docs/archive/2025-10/generated-reports/README.md,/home/uday/Downloads/pragati_ros2/docs/status/STATUS_TRACKER.md
/home/uday/Downloads/pragati_ros2/docs/archive/2025-10/generated-reports/README.md,/home/uday/Downloads/pragati_ros2/docs/STATUS_REALITY_MATRIX.md
/home/uday/Downloads/pragati_ros2/docs/archive/2025-10/generated-reports/README.md,/home/uday/Downloads/pragati_ros2/docs/TODO_MASTER.md
/home/uday/Downloads/pragati_ros2/docs/archive/2025-10/generated-reports/README.md,/home/uday/Downloads/pragati_ros2/docs/INDEX.md
/home/uday/Downloads/pragati_ros2/docs/archive/2025-10/generated-reports/README.md,/home/uday/Downloads/pragati_ros2/docs/archive/INDEX.md
/home/uday/Downloads/pragati_ros2/docs/archive/2025-10/motor_control/MG6010_INDEX.md,/home/uday/Downloads/pragati_ros2/docs/archive/2025-10/motor_control/README.md
/home/uday/Downloads/pragati_ros2/docs/archive/2025-10/motor_control/MG6010_INDEX.md,/home/uday/Downloads/pragati_ros2/docs/archive/2025-10/motor_control/MG6010_STATUS.md
/home/uday/Downloads/pragati_ros2/docs/archive/2025-10/motor_control/MG6010_INDEX.md,/home/uday/Downloads/pragati_ros2/docs/archive/2025-10/motor_control/MG6010_INTEGRATION_COMPLETE.md
/home/uday/Downloads/pragati_ros2/docs/archive/2025-10/motor_control/MG6010_INDEX.md,/home/uday/Downloads/pragati_ros2/docs/archive/2025-10/motor_control/MG6010_INTEGRATION_PLAN.md
/home/uday/Downloads/pragati_ros2/docs/archive/2025-10/motor_control/MG6010_INDEX.md,/home/uday/Downloads/pragati_ros2/docs/archive/2025-10/motor_control/PROTOCOL_COMPARISON.md
/home/uday/Downloads/pragati_ros2/docs/archive/2025-10/motor_control/MG6010_INDEX.md,/home/uday/Downloads/pragati_ros2/docs/archive/2025-10/motor_control/MG6010_INTEGRATION_COMPLETE.md
/home/uday/Downloads/pragati_ros2/docs/archive/2025-10/motor_control/MG6010_INDEX.md,/home/uday/Downloads/pragati_ros2/docs/archive/2025-10/motor_control/MG6010_STATUS.md
/home/uday/Downloads/pragati_ros2/docs/archive/2025-10/motor_control/MG6010_INDEX.md,/home/uday/Downloads/pragati_ros2/docs/archive/2025-10/motor_control/README.md
/home/uday/Downloads/pragati_ros2/docs/archive/2025-10/motor_control/MG6010_INDEX.md,/home/uday/Downloads/pragati_ros2/docs/archive/2025-10/motor_control/MG6010_INTEGRATION_PLAN.md
/home/uday/Downloads/pragati_ros2/docs/archive/2025-10/motor_control/MG6010_INDEX.md,/home/uday/Downloads/pragati_ros2/docs/archive/2025-10/motor_control/PROTOCOL_COMPARISON.md
/home/uday/Downloads/pragati_ros2/docs/archive/2025-10/motor_control/MG6010_INDEX.md,/home/uday/Downloads/pragati_ros2/docs/archive/2025-10/motor_control/MG6010_INTEGRATION_COMPLETE.md
/home/uday/Downloads/pragati_ros2/docs/archive/2025-10/motor_control/DOCUMENTATION_CONSOLIDATION_PLAN.md,/home/uday/Downloads/pragati_ros2/docs/archive/2025-10/motor_control/ODRIVE_LEGACY_README.md
/home/uday/Downloads/pragati_ros2/docs/archive/2025-10/motor_control/DOCUMENTATION_CONSOLIDATION_PLAN.md,/home/uday/Downloads/pragati_ros2/docs/archive/2025-10/motor_control/docs/SERVICES_NODES_GUIDE.md
/home/uday/Downloads/pragati_ros2/docs/archive/2025-10/motor_control/DOCUMENTATION_CONSOLIDATION_PLAN.md,/home/uday/Downloads/pragati_ros2/docs/archive/2025-10/motor_control/docs/PARAMETER_REFERENCE.md
/home/uday/Downloads/pragati_ros2/docs/archive/2025-10/motor_control/DOCUMENTATION_CONSOLIDATION_PLAN.md,/home/uday/Downloads/pragati_ros2/docs/archive/2025-10/motor_control/docs/MG6010_GUIDE.md
/home/uday/Downloads/pragati_ros2/docs/archive/2025-10/motor_control/DOCUMENTATION_CONSOLIDATION_PLAN.md,/home/uday/Downloads/pragati_ros2/docs/archive/2025-10/motor_control/docs/MG6010_CALIBRATION_GUIDE.md
/home/uday/Downloads/pragati_ros2/docs/archive/2025-10/motor_control/DOCUMENTATION_CONSOLIDATION_PLAN.md,/home/uday/Downloads/pragati_ros2/docs/archive/2025-10/motor_control/docs/MG6010_ERROR_CODES.md
/home/uday/Downloads/pragati_ros2/docs/archive/2025-10/motor_control/DOCUMENTATION_CONSOLIDATION_PLAN.md,/home/uday/Downloads/pragati_ros2/docs/archive/2025-10/motor_control/docs/MG6010_PROTOCOL.md
/home/uday/Downloads/pragati_ros2/docs/archive/2025-10/motor_control/DOCUMENTATION_CONSOLIDATION_PLAN.md,/home/uday/Downloads/pragati_ros2/docs/archive/2025-10/motor_control/ODRIVE_LEGACY_README.md
/home/uday/Downloads/pragati_ros2/docs/archive/2025-10/motor_control/DOCUMENTATION_CONSOLIDATION_PLAN.md,/home/uday/Downloads/pragati_ros2/docs/archive/2025-10/motor_control/README_GENERIC_MOTORS.md
/home/uday/Downloads/pragati_ros2/docs/archive/2025-10/motor_control/DOCUMENTATION_CONSOLIDATION_PLAN.md,/home/uday/Downloads/pragati_ros2/docs/archive/2025-10/motor_control/docs/MOTOR_ABSTRACTION_API.md
/home/uday/Downloads/pragati_ros2/docs/archive/2025-10/motor_control/DOCUMENTATION_CONSOLIDATION_PLAN.md,/home/uday/Downloads/pragati_ros2/docs/archive/2025-10/motor_control/docs/TROUBLESHOOTING.md
/home/uday/Downloads/pragati_ros2/docs/archive/2025-10/motor_control/DOCUMENTATION_CONSOLIDATION_PLAN.md,/home/uday/Downloads/pragati_ros2/docs/archive/2025-10/motor_control/ODRIVE_LEGACY_README.md
/home/uday/Downloads/pragati_ros2/docs/archive/2025-10/motor_control/DOCUMENTATION_CONSOLIDATION_PLAN.md,/home/uday/Downloads/pragati_ros2/docs/archive/2025-10/motor_control/docs/README.md
/home/uday/Downloads/pragati_ros2/docs/archive/2025-10/motor_control/DOCUMENTATION_CONSOLIDATION_PLAN.md,/home/uday/Downloads/pragati_ros2/docs/archive/2025-10/motor_control/docs/TRACEABILITY_TABLE.md
/home/uday/Downloads/pragati_ros2/docs/archive/2025-10/motor_control/DOCUMENTATION_CONSOLIDATION_PLAN.md,/home/uday/Downloads/pragati_ros2/docs/archive/2025-10/motor_control/docs/DOCUMENTATION_GAPS_ANALYSIS.md
/home/uday/Downloads/pragati_ros2/docs/archive/2025-10/motor_control/DOCUMENTATION_CONSOLIDATION_PLAN.md,/home/uday/Downloads/pragati_ros2/docs/archive/2025-10/motor_control/docs/CONTRIBUTING.md
/home/uday/Downloads/pragati_ros2/docs/archive/2025-10/motor_control/DOCUMENTATION_CONSOLIDATION_PLAN.md,/home/uday/Downloads/pragati_ros2/docs/archive/2025-10/motor_control/docs/CODE_REVIEW_CHECKLIST.md
/home/uday/Downloads/pragati_ros2/docs/archive/2025-10/motor_control/DOCUMENTATION_CONSOLIDATION_PLAN.md,/home/uday/Downloads/pragati_ros2/docs/archive/2025-10/motor_control/docs/TESTING_GUIDE.md
/home/uday/Downloads/pragati_ros2/docs/archive/2025-10/motor_control/DOCUMENTATION_CONSOLIDATION_PLAN.md,/home/uday/Downloads/pragati_ros2/docs/archive/2025-10/motor_control/docs/MG6010_GUIDE.md
/home/uday/Downloads/pragati_ros2/docs/archive/2025-10/motor_control/DOCUMENTATION_CONSOLIDATION_PLAN.md,/home/uday/Downloads/pragati_ros2/docs/archive/2025-10/motor_control/ODRIVE_LEGACY_README.md
/home/uday/Downloads/pragati_ros2/docs/archive/2025-10/motor_control/DOCUMENTATION_CONSOLIDATION_PLAN.md,/home/uday/Downloads/pragati_ros2/docs/archive/2025-10/motor_control/README.md
/home/uday/Downloads/pragati_ros2/docs/archive/2025-10/motor_control/DOCUMENTATION_CONSOLIDATION_PLAN.md,/home/uday/Downloads/pragati_ros2/docs/archive/2025-10/motor_control/docs/MIGRATION_GUIDE.md
/home/uday/Downloads/pragati_ros2/docs/archive/2025-10/motor_control/DOCUMENTATION_CONSOLIDATION_PLAN.md,/home/uday/Downloads/pragati_ros2/docs/archive/2025-10/motor_control/docs/MG6010_GUIDE.md
/home/uday/Downloads/pragati_ros2/docs/archive/2025-10/motor_control/DOCUMENTATION_CONSOLIDATION_PLAN.md,/home/uday/Downloads/pragati_ros2/docs/archive/2025-10/motor_control/README.md
/home/uday/Downloads/pragati_ros2/docs/archive/2025-10/motor_control/DOCUMENTATION_CONSOLIDATION_PLAN.md,/home/uday/Downloads/pragati_ros2/docs/archive/2025-10/motor_control/docs/MG6010_GUIDE.md
/home/uday/Downloads/pragati_ros2/docs/archive/2025-10/motor_control/DOCUMENTATION_CONSOLIDATION_PLAN.md,/home/uday/Downloads/pragati_ros2/docs/archive/2025-10/motor_control/ODRIVE_LEGACY_README.md
/home/uday/Downloads/pragati_ros2/docs/archive/2025-10/motor_control/DOCUMENTATION_CONSOLIDATION_PLAN.md,/home/uday/Downloads/pragati_ros2/docs/archive/2025-10/motor_control/docs/SERVICES_NODES_GUIDE.md
/home/uday/Downloads/pragati_ros2/docs/archive/2025-10/motor_control/DOCUMENTATION_CONSOLIDATION_PLAN.md,/home/uday/Downloads/pragati_ros2/docs/archive/2025-10/motor_control/docs/PARAMETER_REFERENCE.md
/home/uday/Downloads/pragati_ros2/docs/archive/2025-10/motor_control/CODE_DOC_MISMATCH_REPORT.md,/home/uday/Downloads/pragati_ros2/docs/archive/2025-10/motor_control/ODRIVE_LEGACY_README.md
/home/uday/Downloads/pragati_ros2/docs/archive/2025-10/motor_control/INDEX.md,/home/uday/Downloads/pragati_ros2/src/motor_control_ros2/README.md
/home/uday/Downloads/pragati_ros2/docs/archive/2025-10/motor_control/INDEX.md,/home/uday/Downloads/pragati_ros2/docs/archive/2025-10/cotton_detection
/home/uday/Downloads/pragati_ros2/docs/archive/2025-10/motor_control/INDEX.md,/home/uday/Downloads/pragati_ros2/docs/archive/2025-10/yanthra_move
/home/uday/Downloads/pragati_ros2/docs/archive/2025-10/motor_control/INDEX.md,/home/uday/Downloads/pragati_ros2/docs/archive/evidence/2025-10-15
/home/uday/Downloads/pragati_ros2/docs/archive/2025-10/motor_control/INDEX.md,/home/uday/Downloads/pragati_ros2/docs/archive/DOCUMENTATION_CONSOLIDATION_PLAN_2025-10-15.md
/home/uday/Downloads/pragati_ros2/docs/archive/2025-10/motor_control/INDEX.md,/home/uday/Downloads/pragati_ros2/docs/archive/CONSOLIDATION_LOG.md
/home/uday/Downloads/pragati_ros2/docs/archive/2025-10/motor_control/INDEX.md,/home/uday/Downloads/pragati_ros2/docs/archive/CONSOLIDATION_MAP.md
/home/uday/Downloads/pragati_ros2/docs/archive/2025-10/motor_control/DOCUMENTATION_REVIEW_COMPLETE.md,/home/uday/Downloads/pragati_ros2/docs/archive/2025-10/motor_control/TRACEABILITY_TABLE.md
/home/uday/Downloads/pragati_ros2/docs/archive/2025-10/motor_control/DOCUMENTATION_REVIEW_COMPLETE.md,/home/uday/Downloads/pragati_ros2/docs/archive/2025-10/motor_control/DOCUMENTATION_GAPS_ANALYSIS.md
/home/uday/Downloads/pragati_ros2/docs/archive/2025-10/motor_control/DOCUMENTATION_REVIEW_COMPLETE.md,/home/uday/Downloads/pragati_ros2/docs/archive/2025-10/motor_control/DOCUMENTATION_CONSOLIDATION_PLAN.md
/home/uday/Downloads/pragati_ros2/docs/archive/2025-10/motor_control/DOCUMENTATION_REVIEW_COMPLETE.md,/home/uday/Downloads/pragati_ros2/docs/archive/2025-10/config/mg6010_test.yaml
/home/uday/Downloads/pragati_ros2/docs/archive/2025-10/motor_control/DOCUMENTATION_REVIEW_COMPLETE.md,/home/uday/Downloads/pragati_ros2/docs/archive/2025-10/launch/mg6010_test.launch.py
/home/uday/Downloads/pragati_ros2/docs/archive/2025-10/motor_control/DOCUMENTATION_REVIEW_COMPLETE.md,/home/uday/Downloads/pragati_ros2/docs/archive/docs/MG6010_README_UPDATES.md
/home/uday/Downloads/pragati_ros2/docs/archive/2025-10/motor_control/README.md,/home/uday/Downloads/pragati_ros2/docs/archive/docs/guides/SAFETY_MONITOR_INTEGRATION_GUIDE.md
/home/uday/Downloads/pragati_ros2/docs/archive/2025-10/motor_control/README.md,/home/uday/Downloads/pragati_ros2/docs/archive/docs/guides/CAN_BUS_SETUP_GUIDE.md
/home/uday/Downloads/pragati_ros2/docs/archive/2025-10/motor_control/README.md,/home/uday/Downloads/pragati_ros2/docs/archive/docs/guides/GPIO_SETUP_GUIDE.md
/home/uday/Downloads/pragati_ros2/docs/archive/2025-10/motor_control/README.md,/home/uday/Downloads/pragati_ros2/docs/archive/docs/guides/SAFETY_MONITOR_INTEGRATION_GUIDE.md
/home/uday/Downloads/pragati_ros2/docs/archive/2025-10/consolidation-meta/CONSOLIDATION_COMPLETE.md,/home/uday/Downloads/pragati_ros2/docs/archive/2025-10/consolidation-meta/DOCUMENTATION_CONSOLIDATION_PLAN_2025-10-15.md
/home/uday/Downloads/pragati_ros2/docs/archive/2025-10/consolidation-meta/CONSOLIDATION_COMPLETE.md,/home/uday/Downloads/pragati_ros2/docs/archive/2025-10/consolidation-meta/CONSOLIDATION_LOG.md
/home/uday/Downloads/pragati_ros2/docs/archive/2025-10/consolidation-meta/CONSOLIDATION_COMPLETE.md,/home/uday/Downloads/pragati_ros2/docs/archive/2025-10/consolidation-meta/CONSOLIDATION_MAP.md
/home/uday/Downloads/pragati_ros2/docs/archive/2025-10/consolidation-meta/CONSOLIDATION_COMPLETE.md,/home/uday/Downloads/pragati_ros2/docs/archive/2025-10/consolidation-meta/status/STATUS_TRACKER.md
/home/uday/Downloads/pragati_ros2/docs/archive/2025-10/consolidation-meta/CONSOLIDATION_COMPLETE.md,/home/uday/Downloads/pragati_ros2/docs/archive/2025-10/consolidation-meta/TODO_MASTER.md
/home/uday/Downloads/pragati_ros2/docs/archive/2025-10/consolidation-meta/CONSOLIDATION_COMPLETE.md,/home/uday/Downloads/pragati_ros2/docs/archive/2025-10/consolidation-meta/archive/INDEX.md
/home/uday/Downloads/pragati_ros2/docs/archive/2025-10/consolidation-meta/CONSOLIDATION_COMPLETE.md,/home/uday/Downloads/pragati_ros2/docs/archive/2025-10/consolidation-meta/INDEX.md
/home/uday/Downloads/pragati_ros2/docs/archive/2025-10/consolidation-meta/CONSOLIDATION_MAP.md,/home/uday/Downloads/pragati_ros2/docs/archive/2025-10/README.md
/home/uday/Downloads/pragati_ros2/docs/archive/2025-10/consolidation-meta/CONSOLIDATION_MAP.md,/home/uday/Downloads/pragati_ros2/docs/archive/2025-10/consolidation-meta/TODO_MASTER.md
/home/uday/Downloads/pragati_ros2/docs/archive/2025-10/consolidation-meta/CONSOLIDATION_MAP.md,/home/uday/Downloads/pragati_ros2/docs/archive/2025-10/consolidation-meta/status/STATUS_TRACKER.md
/home/uday/Downloads/pragati_ros2/docs/archive/2025-10/consolidation-meta/CONSOLIDATION_MAP.md,/home/uday/Downloads/pragati_ros2/docs/archive/2025-10/consolidation-meta/STATUS_REALITY_MATRIX.md
/home/uday/Downloads/pragati_ros2/docs/archive/2025-10/consolidation-meta/CONSOLIDATION_MAP.md,/home/uday/Downloads/pragati_ros2/docs/archive/2025-10/src/cotton_detection_ros2/README.md
/home/uday/Downloads/pragati_ros2/docs/archive/2025-10/consolidation-meta/CONSOLIDATION_MAP.md,/home/uday/Downloads/pragati_ros2/docs/archive/2025-10/src/cotton_detection_ros2/OFFLINE_TESTING.md
/home/uday/Downloads/pragati_ros2/docs/archive/2025-10/consolidation-meta/CONSOLIDATION_MAP.md,/home/uday/Downloads/pragati_ros2/docs/archive/2025-10/src/motor_control_ros2/README.md
/home/uday/Downloads/pragati_ros2/docs/archive/2025-10/consolidation-meta/CONSOLIDATION_MAP.md,/home/uday/Downloads/pragati_ros2/docs/archive/2025-10/src/yanthra_move/README.md
/home/uday/Downloads/pragati_ros2/docs/archive/2025-10/consolidation-meta/CONSOLIDATION_MAP.md,/home/uday/Downloads/pragati_ros2/docs/archive/2025-10/consolidation-meta/getting-started/QUICK_START.md
/home/uday/Downloads/pragati_ros2/docs/archive/2025-10/consolidation-meta/CONSOLIDATION_MAP.md,/home/uday/Downloads/pragati_ros2/docs/archive/2025-10/consolidation-meta/CALIBRATION_GUIDE.md
/home/uday/Downloads/pragati_ros2/docs/archive/2025-10/consolidation-meta/CONSOLIDATION_MAP.md,/home/uday/Downloads/pragati_ros2/docs/archive/2025-10/consolidation-meta/guides/SIMULATION_MODE_GUIDE.md
/home/uday/Downloads/pragati_ros2/docs/archive/2025-10/consolidation-meta/CONSOLIDATION_MAP.md,/home/uday/Downloads/pragati_ros2/docs/archive/2025-10/consolidation-meta/guides/CAN_BUS_SETUP_GUIDE.md
/home/uday/Downloads/pragati_ros2/docs/archive/2025-10/consolidation-meta/CONSOLIDATION_MAP.md,/home/uday/Downloads/pragati_ros2/docs/archive/2025-10/consolidation-meta/TODO_MASTER.md
/home/uday/Downloads/pragati_ros2/docs/archive/2025-10/consolidation-meta/CONSOLIDATION_MAP.md,/home/uday/Downloads/pragati_ros2/docs/archive/2025-10/consolidation-meta/status/STATUS_TRACKER.md
/home/uday/Downloads/pragati_ros2/docs/archive/2025-10/consolidation-meta/CONSOLIDATION_MAP.md,/home/uday/Downloads/pragati_ros2/docs/archive/2025-10/consolidation-meta/project-management/GAP_ANALYSIS_OCT2025.md
/home/uday/Downloads/pragati_ros2/docs/archive/2025-10/consolidation-meta/CONSOLIDATION_MAP.md,/home/uday/Downloads/pragati_ros2/docs/archive/2025-10/consolidation-meta/evidence
/home/uday/Downloads/pragati_ros2/docs/archive/2025-10/consolidation-meta/CONSOLIDATION_MAP.md,/home/uday/Downloads/pragati_ros2/docs/archive/2025-10/consolidation-meta/archive
/home/uday/Downloads/pragati_ros2/docs/archive/2025-10/consolidation-meta/CONSOLIDATION_MAP.md,/home/uday/Downloads/pragati_ros2/docs/archive/2025-10/consolidation-meta/archive/INDEX.md
/home/uday/Downloads/pragati_ros2/docs/archive/2025-10/consolidation-meta/CONSOLIDATION_MAP.md,/home/uday/Downloads/pragati_ros2/docs/archive/2025-10/consolidation-meta/DOCUMENTATION_CONSOLIDATION_PLAN_2025-10-15.md
/home/uday/Downloads/pragati_ros2/docs/archive/2025-10/consolidation-meta/CONSOLIDATION_MAP.md,/home/uday/Downloads/pragati_ros2/docs/archive/2025-10/consolidation-meta/CONSOLIDATION_MAP.md
/home/uday/Downloads/pragati_ros2/docs/archive/2025-10/consolidation-meta/CONSOLIDATION_MAP.md,/home/uday/Downloads/pragati_ros2/docs/archive/2025-10/consolidation-meta/CONSOLIDATION_LOG.md
/home/uday/Downloads/pragati_ros2/docs/archive/2025-10/consolidation-meta/README.md,/home/uday/Downloads/pragati_ros2/docs/INDEX.md
/home/uday/Downloads/pragati_ros2/docs/archive/2025-10/consolidation-meta/README.md,/home/uday/Downloads/pragati_ros2/docs/archive/INDEX.md
/home/uday/Downloads/pragati_ros2/docs/archive/2025-10/consolidation-meta/README.md,/home/uday/Downloads/pragati_ros2/docs/CLEANUP_PHASE2_SUMMARY.md
/home/uday/Downloads/pragati_ros2/docs/archive/2025-10/superseded/MOTOR_TUNING_GUIDE_2025-10-09_ODrive.md,/home/uday/Downloads/pragati_ros2/docs/archive/2025-10/superseded/CALIBRATION_GUIDE.md
/home/uday/Downloads/pragati_ros2/docs/archive/2025-10/superseded/MOTOR_TUNING_GUIDE_2025-10-09_ODrive.md,/home/uday/Downloads/pragati_ros2/docs/archive/2025-10/superseded/CALIBRATION_GUIDE.md
/home/uday/Downloads/pragati_ros2/docs/archive/2025-10/superseded/MOTOR_TUNING_GUIDE_2025-10-09_ODrive.md,/home/uday/Downloads/pragati_ros2/docs/archive/2025-10/superseded/HARDWARE_TEST_CHECKLIST.md
/home/uday/Downloads/pragati_ros2/docs/archive/2025-10/superseded/MOTOR_TUNING_GUIDE_2025-10-09_ODrive.md,/home/uday/Downloads/pragati_ros2/docs/archive/2025-10/superseded/TESTING_AND_VALIDATION_PLAN.md
/home/uday/Downloads/pragati_ros2/docs/archive/2025-10/superseded/README.md,/home/uday/Downloads/pragati_ros2/docs/TODO_MASTER.md
/home/uday/Downloads/pragati_ros2/docs/archive/2025-10/superseded/README.md,/home/uday/Downloads/pragati_ros2/docs/guides/MOTOR_TUNING_GUIDE.md
/home/uday/Downloads/pragati_ros2/docs/archive/2025-10/superseded/README.md,/home/uday/Downloads/pragati_ros2/docs/TODO_MASTER.md
/home/uday/Downloads/pragati_ros2/docs/archive/2025-10/superseded/README.md,/home/uday/Downloads/pragati_ros2/docs/guides/MOTOR_TUNING_GUIDE.md
/home/uday/Downloads/pragati_ros2/docs/archive/2025-10/superseded/README.md,/home/uday/Downloads/pragati_ros2/docs/archive/INDEX.md
/home/uday/Downloads/pragati_ros2/docs/archive/2025-10/execution-plans/EXECUTION_PLAN_2025-09-30.md,/home/uday/Downloads/pragati_ros2/docs/archive/2025-10/execution-plans/const std_msgs::msg::String::SharedPtr msg
/home/uday/Downloads/pragati_ros2/docs/archive/2025-10/execution-plans/README.md,/home/uday/Downloads/pragati_ros2/docs/TODO_MASTER.md
/home/uday/Downloads/pragati_ros2/docs/archive/2025-10/execution-plans/README.md,/home/uday/Downloads/pragati_ros2/docs/status/STATUS_TRACKER.md
/home/uday/Downloads/pragati_ros2/docs/archive/2025-10/execution-plans/README.md,/home/uday/Downloads/pragati_ros2/docs/MASTER_MIGRATION_STRATEGY.md
/home/uday/Downloads/pragati_ros2/docs/archive/2025-10/execution-plans/README.md,/home/uday/Downloads/pragati_ros2/docs/CPP_USAGE_GUIDE.md
/home/uday/Downloads/pragati_ros2/docs/archive/2025-10/execution-plans/README.md,/home/uday/Downloads/pragati_ros2/docs/CPP_VS_PYTHON_RECOMMENDATION.md
/home/uday/Downloads/pragati_ros2/docs/archive/2025-10/execution-plans/README.md,/home/uday/Downloads/pragati_ros2/docs/INDEX.md
/home/uday/Downloads/pragati_ros2/docs/archive/2025-10/execution-plans/README.md,/home/uday/Downloads/pragati_ros2/docs/archive/INDEX.md
/home/uday/Downloads/pragati_ros2/docs/archive/2025-10/session-summaries/README.md,/home/uday/Downloads/pragati_ros2/docs/status/STATUS_TRACKER.md
/home/uday/Downloads/pragati_ros2/docs/archive/2025-10/session-summaries/README.md,/home/uday/Downloads/pragati_ros2/docs/STATUS_REALITY_MATRIX.md
/home/uday/Downloads/pragati_ros2/docs/archive/2025-10/session-summaries/README.md,/home/uday/Downloads/pragati_ros2/docs/INDEX.md
/home/uday/Downloads/pragati_ros2/docs/archive/2025-10/session-summaries/README.md,/home/uday/Downloads/pragati_ros2/docs/archive/INDEX.md
/home/uday/Downloads/pragati_ros2/docs/archive/2025-10/session-summaries/README.md,/home/uday/Downloads/pragati_ros2/docs/archive/2025-10-sessions
/home/uday/Downloads/pragati_ros2/docs/archive/2025-10/tier-completion/TIER2_2_COMPLETE.md,/home/uday/Downloads/pragati_ros2/docs/archive/2025-10/tier-completion/const auto& msg
/home/uday/Downloads/pragati_ros2/docs/evidence/2025-10-15/SAFETY_MONITOR_IMPLEMENTATION_COMPLETE.md,/home/uday/Downloads/pragati_ros2/docs/evidence/2025-10-15/const sensor_msgs::msg::JointState::SharedPtr msg
