from,to
docs/MOTOR_TUNING_GUIDE.md,docs/archive/2025-10/superseded/MOTOR_TUNING_GUIDE_2025-10-09_ODrive.md
docs/DOCUMENTATION_CONSOLIDATION_PLAN_2025-10-15.md,docs/archive/2025-10/consolidation-meta/DOCUMENTATION_CONSOLIDATION_PLAN_2025-10-15.md
docs/CONSOLIDATION_COMPLETE.md,docs/archive/2025-10/consolidation-meta/CONSOLIDATION_COMPLETE.md
docs/CONSOLIDATION_LOG.md,docs/archive/2025-10/consolidation-meta/CONSOLIDATION_LOG_2025-10-Phase1.md
docs/CONSOLIDATION_MAP.md,docs/archive/2025-10/consolidation-meta/CONSOLIDATION_MAP.md
docs/DOC_INVENTORY_FOR_AUDIT.md,docs/archive/2025-10/consolidation-meta/DOC_INVENTORY_FOR_AUDIT.md
docs/ALL_NO_HARDWARE_TASKS_COMPLETE.md,docs/archive/2025-10/completion-reports/ALL_NO_HARDWARE_TASKS_COMPLETE.md
docs/NO_HARDWARE_TASKS_COMPLETE.md,docs/archive/2025-10/completion-reports/NO_HARDWARE_TASKS_COMPLETE.md
docs/SYSTEM_VALIDATION_COMPLETE.md,docs/archive/2025-10/completion-reports/SYSTEM_VALIDATION_COMPLETE.md
docs/PARAMETER_FIXES_COMPLETE_REPORT.md,docs/archive/2025-10/completion-reports/PARAMETER_FIXES_COMPLETE_REPORT.md
docs/FIX_IMPLEMENTATION_SUMMARY.md,docs/archive/2025-10/completion-reports/FIX_IMPLEMENTATION_SUMMARY.md
docs/DOCUMENTATION_UPDATE_SUMMARY.md,docs/archive/2025-10/completion-reports/DOCUMENTATION_UPDATE_SUMMARY.md
docs/MODULAR_DOCUMENTATION_SUMMARY.md,docs/archive/2025-10/completion-reports/MODULAR_DOCUMENTATION_SUMMARY.md
docs/DEPLOYMENT_DISCREPANCIES_RESOLVED.md,docs/archive/2025-10/completion-reports/DEPLOYMENT_DISCREPANCIES_RESOLVED.md
docs/DATE_INCONSISTENCIES_RESOLVED.md,docs/archive/2025-10/completion-reports/DATE_INCONSISTENCIES_RESOLVED.md
docs/TASK_COUNT_CORRECTION.md,docs/archive/2025-10/completion-reports/TASK_COUNT_CORRECTION.md
docs/SESSION_SUMMARY_2025-10-08.md,docs/archive/2025-10/session-summaries/SESSION_SUMMARY_2025-10-08.md
docs/SESSION_SUMMARY_PHASE1_COMPLETE.md,docs/archive/2025-10/session-summaries/SESSION_SUMMARY_PHASE1_COMPLETE.md
docs/EXECUTION_PLAN_2025-09-30.md,docs/archive/2025-10/execution-plans/EXECUTION_PLAN_2025-09-30.md
docs/STATUS_REVIEW_CORRECTION_2025-09-30.md,docs/archive/2025-10/execution-plans/STATUS_REVIEW_CORRECTION_2025-09-30.md
docs/CRITICAL_PRIORITY_FIXES_STATUS.md,docs/archive/2025-10/execution-plans/CRITICAL_PRIORITY_FIXES_STATUS.md
docs/IMPLEMENTATION_STATUS.md,docs/archive/2025-10/execution-plans/IMPLEMENTATION_STATUS.md
docs/IMPLEMENTATION_FIXES.md,docs/archive/2025-10/execution-plans/IMPLEMENTATION_FIXES.md
docs/CPP_IMPLEMENTATION_START_HERE.md,docs/archive/2025-10/execution-plans/CPP_IMPLEMENTATION_START_HERE.md
docs/CPP_IMPLEMENTATION_TASK_TRACKER.md,docs/archive/2025-10/execution-plans/CPP_IMPLEMENTATION_TASK_TRACKER.md
docs/STAKEHOLDER_NOTIFICATION_2025-10-15.md,docs/archive/2025-10/stakeholder-docs/STAKEHOLDER_NOTIFICATION_2025-10-15.md
docs/VALIDATION_QUESTIONS_ANSWERED.md,docs/archive/2025-10/stakeholder-docs/VALIDATION_QUESTIONS_ANSWERED.md
docs/TRUTH_PRECEDENCE_AND_SCORING.md,docs/archive/2025-10/stakeholder-docs/TRUTH_PRECEDENCE_AND_SCORING.md
docs/TODO_CONSOLIDATED.md,docs/archive/2025-10/superseded/TODO_CONSOLIDATED.md
docs/_generated/code_verification_evidence_2025-10-14.md,docs/archive/2025-10/generated-reports/code_verification_evidence_2025-10-14.md
docs/_generated/COMPLETE_EXECUTION_PLAN_2025-10-14.md,docs/archive/2025-10/generated-reports/COMPLETE_EXECUTION_PLAN_2025-10-14.md
docs/_generated/EXECUTION_PROGRESS_TRACKER.md,docs/archive/2025-10/generated-reports/EXECUTION_PROGRESS_TRACKER.md
docs/_generated/EXECUTIVE_REVIEW_SUMMARY_2025-10-14.md,docs/archive/2025-10/generated-reports/EXECUTIVE_REVIEW_SUMMARY_2025-10-14.md
docs/_generated/master_status.md,docs/archive/2025-10/generated-reports/master_status.md
docs/_generated/PHASE_2_SOFTWARE_COMPLETE.md,docs/archive/2025-10/generated-reports/PHASE_2_SOFTWARE_COMPLETE.md
docs/_generated/PHASE_2_1_PROGRESS_SUMMARY.md,docs/archive/2025-10/generated-reports/PHASE_2_1_PROGRESS_SUMMARY.md
docs/_generated/TODO_CLEANUP_REPORT.md,docs/archive/2025-10/generated-reports/TODO_CLEANUP_REPORT.md
docs/_generated/TODO_CLEANUP_EXECUTION_SUMMARY.md,docs/archive/2025-10/generated-reports/TODO_CLEANUP_EXECUTION_SUMMARY.md
docs/_generated/restoration_summary_8ac7d2e.md,docs/archive/2025-10/generated-reports/restoration_summary_8ac7d2e.md
docs/_generated/SERVICE_AVAILABILITY_CHECKS_COMPLETE.md,docs/archive/2025-10/generated-reports/SERVICE_AVAILABILITY_CHECKS_COMPLETE.md
docs/_generated/OFFLINE_TESTING_QUICKSTART.md,docs/archive/2025-10/generated-reports/OFFLINE_TESTING_QUICKSTART.md
